;episode_reward;episode_reward;decimal;nb_episode_steps;nb_steps
;;;;;
0;-5195;-5195,623337430742;6,23337E+11;94;94
;;;;;
1;-1928;-1928,5653732054973;5,65373E+12;66;160
;;;;;
2;-660;-660,6227022348479;6,22702E+12;44;204
;;;;;
3;-3717;-3717,130131021676;1,30131E+11;90;294
;;;;;
4;-1604;-1604,3821363256773;3,82136E+12;57;351
;;;;;
5;-2291;-2291,8334409993886;8,33441E+12;74;425
;;;;;
6;-4960;-4960,503589173916;5,03589E+11;99;524
;;;;;
7;-7112;-7112,712032159474;7,12032E+11;123;647
;;;;;
8;-6632;-6632,5156281342815;5,15628E+12;120;767
;;;;;
9;-3951;-3951,7429378073853;7,42938E+12;91;858
;;;;;
10;-5028;-5028,9911634122345;9,91163E+12;105;963
;;;;;
11;-73;-73,95786355398184;9,57864E+13;30;993
;;;;;
12;-881;-881,1647351309994;1,64735E+12;51;1114
;;;;;
13;-5155;-5155,943684875552;9,43685E+11;101;1215
;;;;;
14;-159;-159,85685154482303;8,56852E+13;30;1245
;;;;;
15;-1844;-1844,5241248527066;5,24125E+12;67;1312
;;;;;
16;-5035;-5035,535927057303;5,35927E+11;98;1410
;;;;;
17;-151;-151,48218850786375;4,82189E+13;30;1440
;;;;;
18;-458;-458,29148764461627;2,91488E+13;36;1476
;;;;;
19;-340;-340,8589852730854;8,58985E+12;34;1510
;;;;;
20;-4956;-4956,113362218549;1,13362E+11;98;1608
;;;;;
21;-5052;-5052,682753855248;6,82754E+11;100;1708
;;;;;
22;-5131;-5131,2404473871775;2,40447E+12;102;1810
;;;;;
23;-2977;-2977,1681796945572;1,6818E+12;81;1891
;;;;;
24;-5061;-5061,408389185915;4,08389E+11;100;1991
;;;;;
25;-5170;-5170,955519250696;9,55519E+11;105;2096
;;;;;
26;-4914;-4914,510421055334;5,10421E+11;101;2197
;;;;;
27;-225;-225,62869167917552;6,28692E+13;32;2229
;;;;;
28;-5070;-5070,89513424718;89513424718;101;2330
;;;;;
29;-503;-503,4058753744869;4,05875E+12;38;2368
;;;;;
30;-2486;-2486,9501079671313;9,50108E+12;71;2439
;;;;;
31;-3167;-3167,915682889;915682889;80;2519
;;;;;
32;-2702;-2702,278505347296;2,78505E+11;78;2597
;;;;;
33;-5077;-5077,123087668759;1,23088E+11;101;2698
;;;;;
34;-1800;-1800,6150803392352;6,1508E+12;64;2762
;;;;;
35;-809;-809,8480236667302;8,48024E+12;47;2809
;;;;;
36;-5112;-5112,969247916229;9,69248E+11;102;2911
;;;;;
37;-391;-391,6002524342989;6,00252E+12;29;2940
;;;;;
38;-977;-977,8388959858648;8,38896E+12;44;2984
;;;;;
39;-221;-221,7234570360271;7,23457E+12;32;3016
;;;;;
40;-116;-116,67434393257585;6,74344E+13;12;3028
;;;;;
41;-148;-148,43353164906156;4,33532E+13;14;3042
;;;;;
42;-128;-128,69417118799666;6,94171E+13;12;3054
;;;;;
43;-179;-179,7390342597592;7,39034E+12;16;3070
;;;;;
44;-141;-141,13619966661068;1,362E+13;13;3083
;;;;;
45;-112;-112,8872649303566;8,87265E+12;10;3093
;;;;;
46;-113;-113,99225717954471;9,92257E+13;12;3105
;;;;;
47;-92;-92,94363314298559;9,43633E+13;11;3116
;;;;;
48;-92;-92,92327599047942;9,23276E+13;11;3127
;;;;;
49;-1505;-1505,7931341428214;7,93134E+12;58;3185
;;;;;
50;-112;-112,65685852203279;6,56859E+13;12;3197
;;;;;
51;-437;-437,7807836900391;7,80784E+12;34;3231
;;;;;
52;-110;-110,640787367434;6,40787E+11;9;3240
;;;;;
53;-96;-96,281928765784;2,81929E+11;10;3250
;;;;;
54;-962;-962,6137766061902;6,13777E+12;52;3302
;;;;;
55;-435;-435,707109721693;7,0711E+11;30;3332
;;;;;
56;-560;-560,54269511502;54269511502;40;3372
;;;;;
57;-120;-120,67702862002022;6,77029E+13;12;3384
;;;;;
58;-360;-360,98926396428135;9,89264E+13;29;3413
;;;;;
59;-112;-112,90287778069529;9,02878E+13;10;3423
;;;;;
60;-241;-241,30941126870778;3,09411E+13;27;3450
;;;;;
61;-171;-171,51468402616774;5,14684E+13;16;3466
;;;;;
62;-115;-115,7133675882917;7,13368E+12;12;3478
;;;;;
63;-119;-119,93044777415813;9,30448E+13;10;3488
;;;;;
64;-107;-107,63789083910928;6,37891E+13;11;3499
;;;;;
65;-110;-110,7369392802727;7,36939E+12;10;3509
;;;;;
66;-132;-132,12990095556216;1,29901E+13;14;3523
;;;;;
67;-112;-112,91960792278525;9,19608E+13;10;3533
;;;;;
68;-124;-124,51242202492278;5,12422E+13;11;3544
;;;;;
69;-101;-101,43590350850141;4,35904E+13;11;3555
;;;;;
70;-99;-99,51942779998598;5,19428E+13;12;3567
;;;;;
71;-108;-108,24493973696713;2,4494E+13;11;3578
;;;;;
72;-112;-112,89519439786264;8,95194E+13;10;3588
;;;;;
73;-127;-127,372260676124;3,72261E+11;13;3601
;;;;;
74;-98;-98,41754274585358;4,17543E+13;10;3611
;;;;;
75;-109;-109,15112509307002;1,51125E+13;10;3621
;;;;;
76;-98;-98,40077900235715;4,00779E+13;10;3631
;;;;;
77;-115;-115,97540764542674;9,75408E+13;11;3642
;;;;;
78;-106;-106,37526797560932;3,75268E+13;10;3652
;;;;;
79;-133;-133,9437260761099;9,43726E+12;12;3664
;;;;;
80;-112;-112,91388162318103;9,13882E+13;10;3674
;;;;;
81;-128;-128,9080041523538;9,08004E+12;14;3688
;;;;;
82;-107;-107,42960576124543;4,29606E+13;12;3700
;;;;;
83;-137;-137,45343563830605;4,53436E+13;14;3714
;;;;;
84;-149;-149,27807140762025;2,78071E+13;15;3729
;;;;;
85;-112;-112,91217913646986;9,12179E+13;10;3739
;;;;;
86;-112;-112,8690261154965;8,69026E+12;10;3749
;;;;;
87;-126;-126,29099982050786;2,91E+13;12;3761
;;;;;
88;-109;-109,41089040866456;4,1089E+13;8;3769
;;;;;
89;-109;-109,41726789468606;4,17268E+13;8;3777
;;;;;
90;-110;-110,95766525767962;9,57665E+13;12;3789
;;;;;
91;-153;-153,8841580271171;8,84158E+12;15;3804
;;;;;
92;-112;-112,18846124668843;1,88461E+13;8;3812
;;;;;
93;-112;-112,9365498898018;9,3655E+12;10;3822
;;;;;
94;-108;-108,17730886352021;1,77309E+13;11;3833
;;;;;
95;-111;-111,91422376312491;9,14224E+13;11;3844
;;;;;
96;-111;-111,91282409941033;9,12824E+13;11;3855
;;;;;
97;-112;-112,89564688712989;8,95647E+13;10;3865
;;;;;
98;-110;-110,95696044069888;9,5696E+13;12;3877
;;;;;
99;-112;-112,91181190316047;9,11812E+13;10;3887
;;;;;
100;-111;-111,9244023592893;9,24402E+12;11;3898
;;;;;
101;-133;-133,98877425323948;9,88774E+13;12;3910
;;;;;
102;-112;-112,18377463295565;1,83775E+13;8;3918
;;;;;
103;-126;-126,30195569152394;3,01956E+13;12;3930
;;;;;
104;-111;-111,92600825247771;9,26008E+13;11;3941
;;;;;
105;-112;-112,18921091057749;1,89211E+13;8;3949
;;;;;
106;-109;-109,39735114446839;3,97351E+13;8;3957
;;;;;
107;-125;-125,53095285135439;5,30953E+13;13;3970
;;;;;
108;-111;-111,94136833730164;9,41368E+13;11;3981
;;;;;
109;-121;-121,30047541738591;3,00475E+13;10;3991
;;;;;
110;-129;-129,37718786470674;3,77188E+13;13;4004
;;;;;
111;-109;-109,40819909993257;4,08199E+13;8;4012
;;;;;
112;-119;-119,92190873873471;9,21909E+13;10;4022
;;;;;
113;-109;-109,39720386721532;3,97204E+13;8;4030
;;;;;
114;-109;-109,41268567010948;4,12686E+13;8;4038
;;;;;
115;-132;-132,52329673783473;5,23297E+13;11;4049
;;;;;
116;-112;-112,92232325892752;9,22323E+13;10;4059
;;;;;
117;-113;-113,22807816787946;2,28078E+13;10;4069
;;;;;
118;-109;-109,39159482057403;3,91595E+13;8;4077
;;;;;
119;-109;-109,41526500671864;4,15265E+13;8;4085
;;;;;
120;-108;-108,25559730120386;2,55597E+13;13;4098
;;;;;
121;-98;-98,17599029367108;1,7599E+13;10;4108
;;;;;
122;-109;-109,39670210211611;3,96702E+13;8;4116
;;;;;
123;-108;-108,34941063101522;3,49411E+13;9;4125
;;;;;
124;-94;-94,59115471462925;5,91155E+13;10;4135
;;;;;
125;-121;-121,7892006693137;7,89201E+12;10;4145
;;;;;
126;-103;-103,5526802526006;5,5268E+12;11;4156
;;;;;
127;-109;-109,40379465152847;4,03795E+13;8;4164
;;;;;
128;-109;-109,35823875757282;3,58239E+13;8;4172
;;;;;
129;-109;-109,40061443934769;4,00614E+13;8;4180
;;;;;
130;-109;-109,40108487385805;4,01085E+13;8;4188
;;;;;
131;-109;-109,40249535488209;4,02495E+13;8;4196
;;;;;
132;-106;-106,90554831935518;9,05548E+13;9;4205
;;;;;
133;-105;-105,47132903758353;4,71329E+13;13;4218
;;;;;
134;-109;-109,4169191354197;4,16919E+12;8;4226
;;;;;
135;-116;-116,24615810688553;2,46158E+13;10;4236
;;;;;
136;-109;-109,44882081529482;4,48821E+13;8;4244
;;;;;
137;-109;-109,39615358854806;3,96154E+13;8;4252
;;;;;
138;-109;-109,39157537590401;3,91575E+13;8;4260
;;;;;
139;-109;-109,42394933510795;4,23949E+13;8;4268
;;;;;
140;-126;-126,4463039455485;4,46304E+12;10;4278
;;;;;
141;-111;-111,83872794029767;8,38728E+13;11;4289
;;;;;
142;-88;-88,59913781414053;5,99138E+13;10;4299
;;;;;
143;-106;-106,88836209026752;8,88362E+13;9;4308
;;;;;
144;-106;-106,89454001048853;8,9454E+13;9;4317
;;;;;
145;-124;-124,95394734621647;9,53947E+13;13;4330
;;;;;
146;-109;-109,40776680919814;4,07767E+13;8;4338
;;;;;
147;-109;-109,40628971629062;4,0629E+13;8;4346
;;;;;
148;-98;-98,34504078746383;3,45041E+13;10;4356
;;;;;
149;-109;-109,40262480422828;4,02625E+13;8;4364
;;;;;
150;-98;-98,31860732117715;3,18607E+13;11;4375
;;;;;
151;-98;-98,36652915714382;3,66529E+13;10;4385
;;;;;
152;-98;-98,38670192246536;3,86702E+13;10;4395
;;;;;
153;-109;-109,41597591802878;4,15976E+13;8;4403
;;;;;
154;-132;-132,43414248492545;4,34142E+13;14;4417
;;;;;
155;-109;-109,38147901589733;3,81479E+13;8;4425
;;;;;
156;-183;-183,74403117619084;7,44031E+13;20;4445
;;;;;
157;-109;-109,40222552594773;4,02226E+13;8;4453
;;;;;
158;-109;-109,39971899660608;3,99719E+13;8;4461
;;;;;
159;-109;-109,4002489499662;4,00249E+12;8;4469
;;;;;
160;-112;-112,89298028483395;8,9298E+13;10;4479
;;;;;
161;-109;-109,34642083956109;3,46421E+13;8;4487
;;;;;
162;-127;-127,67482441535859;6,74824E+13;15;4502
;;;;;
163;-109;-109,40389947819557;4,03899E+13;8;4510
;;;;;
164;-112;-112,13880711484188;1,38807E+13;11;4521
;;;;;
165;-104;-104,55972745004945;5,59727E+13;12;4533
;;;;;
166;-212;-212,68884878177832;6,88849E+13;22;4555
;;;;;
167;-107;-107,28396678004523;2,83967E+13;12;4567
;;;;;
168;-122;-122,11855778506188;1,18558E+13;13;4580
;;;;;
169;-104;-104,49156485782456;4,91565E+13;12;4592
;;;;;
170;-98;-98,8441130780383;8,44113E+12;10;4602
;;;;;
171;-98;-98,4099887012569;4,09989E+12;10;4612
;;;;;
172;-109;-109,4009017556277;4,00902E+12;8;4620
;;;;;
173;-112;-112,8955475419078;8,95548E+12;10;4630
;;;;;
174;-100;-100,33547345644686;3,35473E+13;10;4640
;;;;;
175;-104;-104,42916865614308;4,29169E+13;12;4652
;;;;;
176;-119;-119,45077665117705;4,50777E+13;12;4664
;;;;;
177;-101;-101,91106079188845;9,11061E+13;10;4674
;;;;;
178;-107;-107,48738330463922;4,87383E+13;12;4686
;;;;;
179;-120;-120,53590228519809;5,35902E+13;14;4700
;;;;;
180;-109;-109,39671353756592;3,96714E+13;8;4708
;;;;;
181;-107;-107,54956280937009;5,49563E+13;12;4720
;;;;;
182;-109;-109,40176038307266;4,0176E+13;8;4728
;;;;;
183;-109;-109,40481345157929;4,04813E+13;8;4736
;;;;;
184;-109;-109,4086539309126;4,08654E+12;8;4744
;;;;;
185;-136;-136,31512348209068;3,15123E+13;15;4759
;;;;;
186;-109;-109,39525046300315;3,9525E+13;8;4767
;;;;;
187;-120;-120,15174477371247;1,51745E+13;11;4778
;;;;;
188;-107;-107,23395406182684;2,33954E+13;12;4790
;;;;;
189;-127;-127,7032592590586;7,03259E+12;14;4804
;;;;;
190;-212;-212,70686065961908;7,06861E+13;21;4825
;;;;;
191;-307;-307,3699426065454;3,69943E+12;27;4852
;;;;;
192;-132;-132,3812492497484;3,81249E+12;14;4866
;;;;;
193;-109;-109,39547825276932;3,95478E+13;8;4874
;;;;;
194;-134;-134,57168883975248;5,71689E+13;16;4890
;;;;;
195;-109;-109,39128524617718;3,91285E+13;8;4898
;;;;;
196;-118;-118,21438385755141;2,14384E+13;12;4910
;;;;;
197;-127;-127,18669832343195;1,86698E+13;14;4924
;;;;;
198;-112;-112,89327358934969;8,93274E+13;10;4934
;;;;;
199;-293;-293,29483636099405;2,94836E+13;26;4960
;;;;;
200;-112;-112,92192524108273;9,21925E+13;10;4970
;;;;;
201;-112;-112,89388401118089;8,93884E+13;10;4980
;;;;;
202;-109;-109,38358843812074;3,83588E+13;8;4988
;;;;;
203;-104;-104,44736425670115;4,47364E+13;12;5000
;;;;;
204;-144;-144,50124938929267;5,01249E+13;14;5014
;;;;;
205;-109;-109,39976912376662;3,99769E+13;8;5022
;;;;;
206;-117;-117,13291460487875;1,32915E+13;14;5036
;;;;;
207;-143;-143,95340460784888;9,53405E+13;15;5051
;;;;;
208;-144;-144,19727088641937;1,97271E+13;21;5072
;;;;;
209;-134;-134,70112983825732;7,0113E+13;16;5088
;;;;;
210;-116;-116,90149756234464;9,01498E+13;13;5101
;;;;;
211;-122;-122,19508740526291;1,95087E+13;14;5115
;;;;;
212;-2765;-2765,99043648604;99043648604;79;5194
;;;;;
213;-109;-109,39821225837008;3,98212E+13;8;5202
;;;;;
214;-192;-192,77791425352152;7,77914E+13;18;5220
;;;;;
215;-280;-280,157130470179;1,5713E+11;26;5246
;;;;;
216;-116;-116,34079764428924;3,40798E+13;12;5258
;;;;;
217;-101;-101,1170978472871;1,17098E+12;11;5269
;;;;;
218;-127;-127,53396688281026;5,33967E+13;13;5282
;;;;;
219;-127;-127,54484347997828;5,44843E+13;13;5295
;;;;;
220;-100;-100,37290592213239;3,72906E+13;10;5305
;;;;;
221;-132;-132,4475430876312;4,47543E+12;14;5319
;;;;;
222;-122;-122,11950708226618;1,19507E+13;13;5332
;;;;;
223;-174;-174,6037417098702;6,03742E+12;18;5350
;;;;;
224;-109;-109,15087367371035;1,50874E+13;10;5360
;;;;;
225;-98;-98,281371507292;2,81372E+11;11;5371
;;;;;
226;-117;-117,73538640886366;7,35386E+13;17;5388
;;;;;
227;-115;-115,28919134256088;2,89191E+13;12;5400
;;;;;
228;-98;-98,44340087292002;4,43401E+13;10;5410
;;;;;
229;-131;-131,2175665088598;2,17567E+12;16;5426
;;;;;
230;-128;-128,87729217043386;8,77292E+13;15;5441
;;;;;
231;-109;-109,40368877876256;4,03689E+13;8;5449
;;;;;
232;-110;-110,6643936161939;6,64394E+12;9;5458
;;;;;
233;-307;-307,488165427499;4,88165E+11;24;5482
;;;;;
234;-109;-109,37182532732729;3,71825E+13;8;5490
;;;;;
235;-109;-109,40082433957184;4,00824E+13;8;5498
;;;;;
236;-95;-95,9161712461624;9,16171E+12;10;5508
;;;;;
237;-98;-98,372537981734;3,72538E+11;10;5518
;;;;;
238;-119;-119,11569522220549;1,15695E+13;12;5530
;;;;;
239;-103;-103,86890641178826;8,68906E+13;13;5543
;;;;;
240;-115;-115,454836606913;4,54837E+11;9;5552
;;;;;
241;-614;-614,5719291522083;5,71929E+12;35;5587
;;;;;
242;-109;-109,4056583971934;4,05658E+12;8;5595
;;;;;
243;-109;-109,36422763052832;3,64228E+13;8;5603
;;;;;
244;-96;-96,1611150752234;1,61115E+12;10;5613
;;;;;
245;-1055;-1055,8068482810872;8,06848E+12;47;5660
;;;;;
246;-109;-109,40828085472273;4,08281E+13;8;5668
;;;;;
247;-109;-109,40342590090506;4,03426E+13;8;5676
;;;;;
248;-206;-206,55617147554213;5,56171E+13;18;5694
;;;;;
249;-109;-109,39690294247427;3,96903E+13;8;5702
;;;;;
250;-109;-109,39225436680229;3,92254E+13;8;5710
;;;;;
251;-101;-101,57296450110857;5,72965E+13;8;5718
;;;;;
252;-343;-343,17178416846195;1,71784E+13;25;5743
;;;;;
253;-98;-98,38464181251237;3,84642E+13;10;5753
;;;;;
254;-109;-109,4058975711103;4,05898E+12;8;5761
;;;;;
255;-126;-126,4706399731352;4,7064E+12;10;5771
;;;;;
256;-106;-106,89580795172705;8,95808E+13;9;5780
;;;;;
257;-179;-179,8505040247195;8,50504E+12;15;5795
;;;;;
258;-115;-115,17700993553962;1,7701E+13;12;5807
;;;;;
259;-124;-124,96978316520565;9,69783E+13;12;5819
;;;;;
260;-134;-134,72874287551574;7,28743E+13;15;5834
;;;;;
261;-130;-130,5990951374858;5,99095E+12;14;5848
;;;;;
262;-172;-172,54192474770474;5,41925E+13;14;5862
;;;;;
263;-146;-146,27741642809957;2,77416E+13;14;5876
;;;;;
264;-126;-126,46134460982242;4,61345E+13;10;5886
;;;;;
265;-249;-249,12852396978718;1,28524E+13;21;5907
;;;;;
266;-98;-98,34397852445952;3,43979E+13;10;5917
;;;;;
267;-143;-143,9261643515675;9,26164E+12;15;5932
;;;;;
268;-201;-201,65102369646763;6,51024E+13;16;5948
;;;;;
269;-109;-109,39755166905482;3,97552E+13;8;5956
;;;;;
270;-110;-110,20285376078203;2,02854E+13;11;5967
;;;;;
271;-308;-308,39531093937535;3,95311E+13;23;5990
;;;;;
272;-98;-98,86482007372373;8,6482E+13;9;5999
;;;;;
273;-109;-109,38316718263354;3,83167E+13;8;6007
;;;;;
274;-124;-124,78537008383603;7,8537E+13;14;6021
;;;;;
275;-94;-94,44351432930074;4,43514E+13;12;6033
;;;;;
276;-197;-197,67485987053638;6,7486E+13;17;6050
;;;;;
277;-100;-100,35614451561;35614451561;10;6060
;;;;;
278;-1128;-1128,346220525833;3,46221E+11;47;6107
;;;;;
279;-98;-98,767629172133;7,67629E+11;10;6117
;;;;;
280;-208;-208,59253042023786;5,9253E+13;18;6135
;;;;;
281;-989;-989,381761832199;3,81762E+11;44;6179
;;;;;
282;-357;-357,87389201963236;8,73892E+13;24;6203
;;;;;
283;-105;-105,66235895805107;6,62359E+13;9;6212
;;;;;
284;-138;-138,6397357021943;6,39736E+12;14;6226
;;;;;
285;-98;-98,6911905088802;6,91191E+12;10;6236
;;;;;
286;-126;-126,44174028699788;4,4174E+13;10;6246
;;;;;
287;-156;-156,31545413099516;3,15454E+13;17;6263
;;;;;
288;-112;-112,96345138784807;9,63451E+13;11;6274
;;;;;
289;-98;-98,64611467339506;6,46115E+13;10;6284
;;;;;
290;-101;-101,7344753741057;7,34475E+12;9;6293
;;;;;
291;-94;-94,5302154657926;5,30215E+12;11;6304
;;;;;
292;-92;-92,64068015387;64068015387;10;6314
;;;;;
293;-98;-98,42501447751056;4,25014E+13;13;6327
;;;;;
294;-109;-109,39101084785443;3,91011E+13;8;6335
;;;;;
295;-98;-98,6860512544236;6,86051E+12;10;6345
;;;;;
296;-108;-108,37229674547768;3,72297E+13;9;6354
;;;;;
297;-112;-112,73321044733655;7,3321E+13;13;6367
;;;;;
298;-111;-111,7526841663973;7,52684E+12;10;6377
;;;;;
299;-118;-118,35106530096027;3,51065E+13;13;6390
;;;;;
300;-98;-98,71045781867855;7,10458E+13;10;6400
;;;;;
301;-98;-98,68641687584963;6,86417E+13;10;6410
;;;;;
302;-109;-109,407149282132;4,07149E+11;8;6418
;;;;;
303;-124;-124,2342204892887;2,3422E+12;14;6432
;;;;;
304;-103;-103,90591742424829;9,05917E+13;10;6442
;;;;;
305;-488;-488,3163425871228;3,16343E+12;30;6472
;;;;;
306;-134;-134,90828470344235;9,08285E+13;13;6485
;;;;;
307;-108;-108,35124203357924;3,51242E+13;9;6494
;;;;;
308;-98;-98,67356448510509;6,73564E+13;10;6504
;;;;;
309;-130;-130,8218040012754;8,21804E+12;12;6516
;;;;;
310;-105;-105,6331292089948;6,33129E+12;10;6526
;;;;;
311;-136;-136,91322746336903;9,13227E+13;14;6540
;;;;;
312;-109;-109,36237113970316;3,62371E+13;8;6548
;;;;;
313;-124;-124,93851421131825;9,38514E+13;12;6560
;;;;;
314;-126;-126,4897057199482;4,89706E+12;10;6570
;;;;;
315;-126;-126,23617554384927;2,36176E+13;15;6585
;;;;;
316;-98;-98,8611405778889;8,61141E+12;9;6594
;;;;;
317;-98;-98,9429915286472;9,42992E+12;10;6604
;;;;;
318;-127;-127,86866212231948;8,68662E+13;14;6618
;;;;;
319;-109;-109,76852620824351;7,68526E+13;13;6631
;;;;;
320;-103;-103,88688240619118;8,86882E+13;10;6641
;;;;;
321;-89;-89,68074585761948;6,80746E+13;12;6653
;;;;;
322;-86;-86,14497411212903;1,44974E+13;12;6665
;;;;;
323;-103;-103,75483493499144;7,54835E+13;10;6675
;;;;;
324;-108;-108,51091512903548;5,10915E+13;12;6687
;;;;;
325;-121;-121,2752707867362;2,75271E+12;13;6700
;;;;;
326;-125;-125,449239415627;4,49239E+11;15;6715
;;;;;
327;-114;-114,26645607830548;2,66456E+13;12;6727
;;;;;
328;-104;-104,56227810668489;5,62278E+13;15;6742
;;;;;
329;-103;-103,36260437389296;3,62604E+13;11;6753
;;;;;
330;-103;-103,87201089977876;8,72011E+13;10;6763
;;;;;
331;-155;-155,164788072374;1,64788E+11;18;6781
;;;;;
332;-159;-159,3714304935352;3,7143E+12;14;6795
;;;;;
333;-103;-103,8132413238385;8,13241E+12;10;6805
;;;;;
334;-126;-126,445547924458;4,45548E+11;10;6815
;;;;;
335;-103;-103,38109231407398;3,81092E+13;11;6826
;;;;;
336;-119;-119,96383520204228;9,63835E+13;15;6841
;;;;;
337;-109;-109,39815666837211;3,98157E+13;8;6849
;;;;;
338;-96;-96,28807275023985;2,88073E+13;9;6858
;;;;;
339;-460;-460,11174354023325;1,11744E+13;28;6886
;;;;;
340;-109;-109,14099995276013;1,41E+13;10;6896
;;;;;
341;-101;-101,40005675854306;4,00057E+13;11;6907
;;;;;
342;-94;-94,6937009126614;6,93701E+12;10;6917
;;;;;
343;-98;-98,72343066047839;7,23431E+13;10;6927
;;;;;
344;-98;-98,71173493659435;7,11735E+13;10;6937
;;;;;
345;-101;-101,44105431247797;4,41054E+13;11;6948
;;;;;
346;-94;-94,50985381518896;5,09854E+13;12;6960
;;;;;
347;-107;-107,32623675543852;3,26237E+13;14;6974
;;;;;
348;-106;-106,895859846164;8,9586E+11;9;6983
;;;;;
349;-122;-122,13420990641745;1,3421E+13;13;6996
;;;;;
350;-120;-120,65505550667905;6,55056E+13;14;7010
;;;;;
351;-114;-114,18328362804766;1,83284E+13;12;7022
;;;;;
352;-122;-122,21893807967749;2,18938E+13;12;7034
;;;;;
353;-101;-101,43348034050655;4,3348E+13;11;7045
;;;;;
354;-86;-86,16264234960644;1,62642E+13;12;7057
;;;;;
355;-138;-138,50533178629559;5,05332E+13;13;7070
;;;;;
356;-113;-113,2192565401368;2,19257E+12;12;7082
;;;;;
357;-98;-98,85192535396692;8,51925E+13;9;7091
;;;;;
358;-115;-115,42391264353469;4,23913E+13;11;7102
;;;;;
359;-117;-117,92180310978154;9,21803E+13;13;7115
;;;;;
360;-93;-93,165648477358;1,65648E+11;13;7128
;;;;;
361;-433;-433,4274822443636;4,27482E+12;29;7157
;;;;;
362;-171;-171,65433419022673;6,54334E+13;21;7178
;;;;;
363;-88;-88,60147876998928;6,01479E+13;11;7189
;;;;;
364;-96;-96,52422415364393;5,24224E+13;12;7201
;;;;;
365;-140;-140,31059627006763;3,10596E+13;15;7216
;;;;;
366;-92;-92,8771754286363;8,77175E+12;10;7226
;;;;;
367;-213;-213,69829390481885;6,98294E+13;19;7245
;;;;;
368;-116;-116,25964634850976;2,59646E+13;16;7261
;;;;;
369;-92;-92,90337283718489;9,03373E+13;11;7272
;;;;;
370;-157;-157,46035483355513;4,60355E+13;16;7288
;;;;;
371;-109;-109,40167670988166;4,01677E+13;8;7296
;;;;;
372;-92;-92,87665271603092;8,76653E+13;11;7307
;;;;;
373;-109;-109,1557271165816;1,55727E+12;10;7317
;;;;;
374;-142;-142,18719079959257;1,87191E+13;15;7332
;;;;;
375;-141;-141,8110323337962;8,11032E+12;14;7346
;;;;;
376;-88;-88,65220708882256;6,52207E+13;11;7357
;;;;;
377;-88;-88,61728958655965;6,1729E+13;11;7368
;;;;;
378;-103;-103,80960525818017;8,09605E+13;10;7378
;;;;;
379;-96;-96,54305455699179;5,43055E+13;12;7390
;;;;;
380;-104;-104,29649042719703;2,9649E+13;14;7404
;;;;;
381;-121;-121,99503034246447;9,9503E+13;15;7419
;;;;;
382;-92;-92,13219995513367;1,322E+13;10;7429
;;;;;
383;-788;-788,2259014350698;2,25901E+12;41;7470
;;;;;
384;-134;-134,63385422835458;6,33854E+13;17;7487
;;;;;
385;-109;-109,62452083005158;6,24521E+13;14;7501
;;;;;
386;-124;-124,80536180540923;8,05362E+13;14;7515
;;;;;
387;-219;-219,879855258392;8,79855E+11;20;7535
;;;;;
388;-112;-112,18744612054238;1,87446E+13;8;7543
;;;;;
389;-94;-94,3642682474935;3,64268E+12;12;7555
;;;;;
390;-110;-110,64470217516578;6,44702E+13;9;7564
;;;;;
391;-96;-96,5198917511716;5,19892E+12;12;7576
;;;;;
392;-109;-109,1559936503439;1,55994E+12;10;7586
;;;;;
393;-169;-169,8581226833601;8,58123E+12;17;7603
;;;;;
394;-92;-92,13542093019478;1,35421E+13;10;7613
;;;;;
395;-88;-88,61433570538406;6,14336E+13;11;7624
;;;;;
396;-254;-254,36825812485844;3,68258E+13;20;7644
;;;;;
397;-110;-110,66324044732153;6,6324E+13;9;7653
;;;;;
398;-108;-108,44333925161177;4,43339E+13;12;7665
;;;;;
399;-108;-108,18354243407688;1,83542E+13;12;7677
;;;;;
400;-111;-111,39745143092236;3,97451E+13;15;7692
;;;;;
401;-98;-98,67444563321126;6,74446E+13;11;7703
;;;;;
402;-97;-97,14561146046998;1,45611E+13;17;7720
;;;;;
403;-96;-96,5528357102308;5,52836E+12;12;7732
;;;;;
404;-86;-86,15030460531327;1,50305E+13;12;7744
;;;;;
405;-93;-93,62374144612838;6,23741E+13;11;7755
;;;;;
406;-94;-94,90347733642864;9,03477E+13;12;7767
;;;;;
407;-102;-102,2145661864543;2,14566E+12;17;7784
;;;;;
408;-121;-121,87673103451681;8,76731E+13;12;7796
;;;;;
409;-106;-106,2864305503189;2,86431E+12;13;7809
;;;;;
410;-129;-129,19633518707323;1,96335E+13;11;7820
;;;;;
411;-126;-126,47789864836949;4,77899E+13;10;7830
;;;;;
412;-109;-109,40427382142173;4,04274E+13;8;7838
;;;;;
413;-113;-113,9835593284242;9,83559E+12;12;7850
;;;;;
414;-108;-108,51492149863012;5,14921E+13;12;7862
;;;;;
415;-191;-191,7060516105872;7,06052E+12;20;7882
;;;;;
416;-125;-125,39248065455504;3,92481E+13;15;7897
;;;;;
417;-120;-120,6960188157963;6,96019E+12;13;7910
;;;;;
418;-98;-98,71950036376711;7,195E+13;10;7920
;;;;;
419;-98;-98,70212829433098;7,02128E+13;10;7930
;;;;;
420;-96;-96,32184058101797;3,21841E+13;9;7939
;;;;;
421;-162;-162,4884190261652;4,88419E+12;15;7954
;;;;;
422;-86;-86,16386514423522;1,63865E+13;12;7966
;;;;;
423;-117;-117,99416565457923;9,94166E+13;13;7979
;;;;;
424;-96;-96,33146297154093;3,31463E+13;9;7988
;;;;;
425;-98;-98,68091559976119;6,80916E+13;10;7998
;;;;;
426;-97;-97,29445643116341;2,94456E+13;11;8009
;;;;;
427;-98;-98,71133981030252;7,1134E+13;10;8019
;;;;;
428;-118;-118,23079601725385;2,30796E+13;15;8034
;;;;;
429;-98;-98,69088459423384;6,90885E+13;10;8044
;;;;;
430;-88;-88,60181262527823;6,01813E+13;11;8055
;;;;;
431;-209;-209,44433126028633;4,44331E+13;18;8073
;;;;;
432;-112;-112,86541647760956;8,65416E+13;13;8086
;;;;;
433;-108;-108,47955308474403;4,79553E+13;12;8098
;;;;;
434;-116;-116,327772730181;3,27773E+11;12;8110
;;;;;
435;-114;-114,82666625958552;8,26666E+13;12;8122
;;;;;
436;-178;-178,96628969619582;9,6629E+13;16;8138
;;;;;
437;-112;-112,83919698362001;8,39197E+13;13;8151
;;;;;
438;-63;-63,97093792603556;9,70938E+13;17;8168
;;;;;
439;-111;-111,26244236506389;2,62442E+13;14;8182
;;;;;
440;-92;-92,1111413817408;1,11141E+12;10;8192
;;;;;
441;-100;-100,58158560265522;5,81586E+13;12;8204
;;;;;
442;-96;-96,55877990019223;5,5878E+13;12;8216
;;;;;
443;-98;-98,66059665265757;6,60597E+13;10;8226
;;;;;
444;-98;-98,85557798952226;8,55578E+13;9;8235
;;;;;
445;-92;-92,13552577356447;1,35526E+13;10;8245
;;;;;
446;-100;-100,58591587424999;5,85916E+13;12;8257
;;;;;
447;-88;-88,87241295905966;8,72413E+13;12;8269
;;;;;
448;-86;-86,13208430399689;1,32084E+13;12;8281
;;;;;
449;-88;-88,61720583512911;6,17206E+13;11;8292
;;;;;
450;-114;-114,26322711545387;2,63227E+13;12;8304
;;;;;
451;-114;-114,43891721201845;4,38917E+13;9;8313
;;;;;
452;-120;-120,97746789205743;9,77468E+13;17;8330
;;;;;
453;-116;-116,28127261830016;2,81273E+13;11;8341
;;;;;
454;-92;-92,34621171428788;3,46212E+13;13;8354
;;;;;
455;-98;-98,73195353311897;7,31954E+13;10;8364
;;;;;
456;-97;-97,8093064302719;8,09306E+12;8;8372
;;;;;
457;-96;-96,71154892263752;7,11549E+13;11;8383
;;;;;
458;-98;-98,70506151749319;7,05062E+13;10;8393
;;;;;
459;-98;-98,74358657889067;7,43587E+13;10;8403
;;;;;
460;-273;-273,36505339252074;3,65053E+13;21;8424
;;;;;
461;-98;-98,71172350123462;7,11724E+13;10;8434
;;;;;
462;-98;-98,71196583861524;7,11966E+13;10;8444
;;;;;
463;-88;-88,21153743208401;2,11537E+13;10;8454
;;;;;
464;-88;-88,22757402863417;2,27574E+13;10;8464
;;;;;
465;-114;-114,80614196485755;8,06142E+13;10;8474
;;;;;
466;-172;-172,70521576216262;7,05216E+13;18;8492
;;;;;
467;-100;-100,62661103901809;6,26611E+13;12;8504
;;;;;
468;-98;-98,67943937898059;6,79439E+13;10;8514
;;;;;
469;-98;-98,66253773717557;6,62538E+13;10;8524
;;;;;
470;-453;-453,6771410453306;6,77141E+12;31;8555
;;;;;
471;-101;-101,26984610404253;2,69846E+13;12;8567
;;;;;
472;-110;-110,59835510775306;5,98355E+13;14;8581
;;;;;
473;-130;-130,9880719742775;9,88072E+12;21;8602
;;;;;
474;-110;-110,87264169487301;8,72642E+13;10;8612
;;;;;
475;-101;-101,2983823562227;2,98382E+12;12;8624
;;;;;
476;-97;-97,62404377991871;6,24044E+13;11;8635
;;;;;
477;-108;-108,26263248737189;2,62632E+13;14;8649
;;;;;
478;-101;-101,27277865912265;2,72779E+13;12;8661
;;;;;
479;-102;-102,20030783430227;2,00308E+13;13;8674
;;;;;
480;-112;-112,30864083576606;3,08641E+13;12;8686
;;;;;
481;-92;-92,18723857917433;1,87239E+13;10;8696
;;;;;
482;-98;-98,84105595824113;8,41056E+13;9;8705
;;;;;
483;-111;-111,21376763905789;2,13768E+13;14;8719
;;;;;
484;-97;-97,18862642720876;1,88626E+13;9;8728
;;;;;
485;-93;-93,94163390896301;9,41634E+13;15;8743
;;;;;
486;-100;-100,89406217062782;8,94062E+13;14;8757
;;;;;
487;-139;-139,31793744184617;3,17937E+13;13;8770
;;;;;
488;-93;-93,19445703622483;1,94457E+13;15;8785
;;;;;
489;-97;-97,58450696531048;5,84507E+13;11;8796
;;;;;
490;-101;-101,3897016680007;3,89702E+12;11;8807
;;;;;
491;-1017;-1017,41901466561;41901466561;59;8866
;;;;;
492;-118;-118,47849364929621;4,78494E+13;15;8881
;;;;;
493;-124;-124,27979411259267;2,79794E+13;17;8898
;;;;;
494;-98;-98,72430680614045;7,24307E+13;10;8908
;;;;;
495;-101;-101,42022155616587;4,20222E+13;11;8919
;;;;;
496;-142;-142,93024389933012;9,30244E+13;15;8934
;;;;;
497;-92;-92,7953504277242;7,9535E+12;10;8944
;;;;;
498;-96;-96,6048572559443;6,04857E+12;12;8956
;;;;;
499;-86;-86,21879537938344;2,18795E+13;12;8968
;;;;;
500;-295;-295,55180059804536;5,51801E+13;34;9002
;;;;;
501;-101;-101,4348134143847;4,34813E+12;11;9013
;;;;;
502;-101;-101,41718346111534;4,17183E+13;11;9024
;;;;;
503;-113;-113,46082352943745;4,60824E+13;13;9037
;;;;;
504;-280;-280,914012763076;9,14013E+11;33;9070
;;;;;
505;-94;-94,51903578908596;5,19036E+13;12;9082
;;;;;
506;-92;-92,12473867505676;1,24739E+13;10;9092
;;;;;
507;-111;-111,2093804311063;2,0938E+12;12;9104
;;;;;
508;-263;-263,8846294668671;8,84629E+12;29;9133
;;;;;
509;-98;-98,46669060299982;4,66691E+13;10;9143
;;;;;
510;-100;-100,60160525424027;6,01605E+13;12;9155
;;;;;
511;-111;-111,2038347055927;2,03835E+12;12;9167
;;;;;
512;-291;-291,3210828722765;3,21083E+12;24;9191
;;;;;
513;-84;-84,12136196276683;1,21362E+13;10;9201
;;;;;
514;-101;-101,27169517471836;2,71695E+13;12;9213
;;;;;
515;-101;-101,14163447706687;1,41634E+13;10;9223
;;;;;
516;-98;-98,69640228259348;6,96402E+13;10;9233
;;;;;
517;-162;-162,74415324230793;7,44153E+13;22;9255
;;;;;
518;-96;-96,53357268421769;5,33573E+13;12;9267
;;;;;
519;-119;-119,55854861705808;5,58549E+13;14;9281
;;;;;
520;-189;-189,49898853953786;4,98989E+13;20;9301
;;;;;
521;-96;-96,58594663028126;5,85947E+13;12;9313
;;;;;
522;-121;-121,61775852345806;6,17759E+13;14;9327
;;;;;
523;-156;-156,14583395777356;1,45834E+13;17;9344
;;;;;
524;-113;-113,1741040155485;1,74104E+12;12;9356
;;;;;
525;-100;-100,57167892588743;5,71679E+13;12;9368
;;;;;
526;-96;-96,59335080630967;5,93351E+13;12;9380
;;;;;
527;-106;-106,82265937616296;8,22659E+13;14;9394
;;;;;
528;-101;-101,74122343271503;7,41223E+13;22;9416
;;;;;
529;-111;-111,26277737108774;2,62777E+13;12;9428
;;;;;
530;-157;-157,41893443458767;4,18934E+13;20;9448
;;;;;
531;-97;-97,53426911880226;5,34269E+13;11;9459
;;;;;
532;-357;-357,45819730950416;4,58197E+13;33;9492
;;;;;
533;-106;-106,70200466375962;7,02005E+13;14;9506
;;;;;
534;-97;-97,57648881232231;5,76489E+13;11;9517
;;;;;
535;-281;-281,9112285691732;9,11229E+12;25;9542
;;;;;
536;-92;-92,12592470740904;1,25925E+13;10;9552
;;;;;
537;-121;-121,59615217174292;5,96152E+13;14;9566
;;;;;
538;-88;-88,17144382722492;1,71444E+13;10;9576
;;;;;
539;-88;-88,67343141169667;6,73431E+13;11;9587
;;;;;
540;-150;-150,1115081439333;1,11508E+12;18;9605
;;;;;
541;-88;-88,79355094653272;7,93551E+13;12;9617
;;;;;
542;-96;-96,59355951205777;5,9356E+13;12;9629
;;;;;
543;-131;-131,3293313855549;3,29331E+12;15;9644
;;;;;
544;-301;-301,22886474608106;2,28865E+13;22;9666
;;;;;
545;-92;-92,93320447734746;9,33204E+13;11;9677
;;;;;
546;-86;-86,21077915077097;2,10779E+13;12;9689
;;;;;
547;-105;-105,6943296915131;6,9433E+12;14;9703
;;;;;
548;-97;-97,22981260080161;2,29813E+13;9;9712
;;;;;
549;-84;-84,87571425654613;8,75714E+13;15;9727
;;;;;
550;-111;-111,20904613347494;2,09046E+13;12;9739
;;;;;
551;-86;-86,17637108230718;1,76371E+13;12;9751
;;;;;
552;-106;-106,72574848841012;7,25748E+13;14;9765
;;;;;
553;-113;-113,26039522863093;2,60395E+13;12;9777
;;;;;
554;-94;-94,9908364277822;9,90836E+12;12;9789
;;;;;
555;-97;-97,237341591839;2,37342E+11;13;9802
;;;;;
556;-101;-101,4203471811249;4,20347E+12;11;9813
;;;;;
557;-114;-114,2962335017449;2,96234E+12;12;9825
;;;;;
558;-92;-92,50926322186825;5,09263E+13;9;9834
;;;;;
559;-96;-96,23022502459284;2,30225E+13;12;9846
;;;;;
560;-113;-113,16973542756205;1,69735E+13;12;9858
;;;;;
561;-100;-100,57485553962334;5,74856E+13;12;9870
;;;;;
562;-131;-131,73388877611336;7,33889E+13;13;9883
;;;;;
563;-111;-111,2498351418021;2,49835E+12;14;9897
;;;;;
564;-85;-85,65190597080729;6,51906E+13;12;9909
;;;;;
565;-106;-106,71264020044234;7,1264E+13;11;9920
;;;;;
566;-378;-378,7730145116917;7,73015E+12;31;9951
;;;;;
567;-96;-96,92923612374281;9,29236E+13;11;9962
;;;;;
568;-98;-98,3029137741737;3,02914E+12;11;9973
;;;;;
569;-128;-128,2002775454183;2,00278E+12;14;9987
;;;;;
570;-109;-109,82043284296614;8,20433E+13;13;10000
;;;;;
571;-109;-109,78645025077296;7,8645E+13;13;10013
;;;;;
572;-110;-110,52443747444354;5,24437E+13;14;10027
;;;;;
573;-150;-150,86571738213678;8,65717E+13;17;10044
;;;;;
574;-101;-101,42276522519361;4,22765E+13;11;10055
;;;;;
575;-94;-94,71230703864421;7,12307E+13;10;10065
;;;;;
576;-105;-105,12022937272971;1,20229E+13;13;10078
;;;;;
577;-103;-103,69712746264975;6,97127E+13;17;10095
;;;;;
578;-111;-111,24241943910874;2,42419E+13;13;10108
;;;;;
579;-116;-116,57407681606571;5,74077E+13;14;10122
;;;;;
580;-122;-122,82706054599777;8,27061E+13;14;10136
;;;;;
581;-124;-124,29369599337895;2,93696E+13;14;10150
;;;;;
582;-184;-184,97836702689702;9,78367E+13;19;10169
;;;;;
583;-117;-117,90882446859388;9,08824E+13;17;10186
;;;;;
584;-113;-113,11902681554776;1,19027E+13;12;10198
;;;;;
585;-101;-101,37909047746965;3,7909E+13;11;10209
;;;;;
586;-281;-281,1784982063813;1,78498E+12;24;10233
;;;;;
587;-88;-88,5973726654378;5,97373E+12;10;10243
;;;;;
588;-86;-86,22200594825668;2,22006E+13;12;10255
;;;;;
589;-86;-86,27340200083512;2,73402E+13;12;10267
;;;;;
590;-112;-112,6440386833233;6,44039E+12;13;10280
;;;;;
591;-148;-148,97847911966602;9,78479E+13;15;10295
;;;;;
592;-96;-96,54414945472567;5,44149E+13;12;10307
;;;;;
593;-98;-98,72462662037853;7,24627E+13;10;10317
;;;;;
594;-106;-106,35648156131566;3,56482E+13;15;10332
;;;;;
595;-475;-475,1439654613255;1,43965E+12;31;10363
;;;;;
596;-98;-98,7181546400611;7,18155E+12;10;10373
;;;;;
597;-112;-112,28357771283984;2,83578E+13;13;10386
;;;;;
598;-140;-140,1434852647217;1,43485E+12;16;10402
;;;;;
599;-85;-85,99827179424943;9,98272E+13;12;10414
;;;;;
600;-131;-131,31811067230504;3,18111E+13;16;10430
;;;;;
601;-96;-96,50969922961485;5,09699E+13;12;10442
;;;;;
602;-123;-123,5328080871209;5,32808E+12;19;10461
;;;;;
603;-131;-131,1743815649354;1,74382E+12;18;10479
;;;;;
604;-108;-108,51968765758016;5,19688E+13;12;10491
;;;;;
605;-121;-121,48945254695019;4,89453E+13;17;10508
;;;;;
606;-86;-86,16989640935387;1,69896E+13;12;10520
;;;;;
607;-86;-86,21355501370647;2,13555E+13;12;10532
;;;;;
608;-116;-116,3883927316662;3,88393E+12;12;10544
;;;;;
609;-98;-98,70737877704218;7,07379E+13;10;10554
;;;;;
610;-110;-110,3923107150615;3,92311E+12;13;10568
;;;;;
611;-98;-98,68342445774744;6,83424E+13;10;10578
;;;;;
612;-98;-98,68094283129938;6,80943E+13;10;10588
;;;;;
613;-98;-98,72297260479289;7,22973E+13;10;10598
;;;;;
614;-117;-117,28552550287452;2,85526E+13;12;10610
;;;;;
615;-113;-113,95909997431934;9,591E+13;14;10624
;;;;;
616;-96;-96,48436154579016;4,84362E+13;12;10636
;;;;;
617;-84;-84,22092659239374;2,20927E+13;10;10646
;;;;;
618;-88;-88,62318170312156;6,23182E+13;11;10657
;;;;;
619;-81;-81,83432014671828;8,3432E+13;11;10668
;;;;;
620;-194;-194,38414881457908;3,84149E+13;92;10760
;;;;;
621;-96;-96,99909775345003;9,99098E+13;11;10771
;;;;;
622;-111;-111,4240872658317;4,24087E+12;15;10786
;;;;;
623;-93;-93,11227710780307;1,12277E+13;12;10798
;;;;;
624;-98;-98,7112417725019;7,11242E+12;10;10808
;;;;;
625;-96;-96,94379478818354;9,43795E+13;11;10819
;;;;;
626;-121;-121,3424522196893;3,42452E+12;13;10832
;;;;;
627;-94;-94,16346454425891;1,63465E+13;13;10845
;;;;;
628;-97;-97,73360558425478;7,33606E+13;8;10853
;;;;;
629;-92;-92,16267282786742;1,62673E+13;10;10863
;;;;;
630;-99;-99,64042737552853;6,40427E+13;10;10873
;;;;;
631;-128;-128,2324499608346;2,3245E+12;16;10889
;;;;;
632;-92;-92,14093113454447;1,40931E+13;10;10899
;;;;;
633;-97;-97,49680100911954;4,96801E+13;11;10910
;;;;;
634;-93;-93,1037121568167;1,03712E+12;12;10922
;;;;;
635;-115;-115,42063330216413;4,20633E+13;11;10933
;;;;;
636;-86;-86,19943366762669;1,99434E+13;12;10945
;;;;;
637;-144;-144,40133988749142;4,0134E+13;21;10966
;;;;;
638;-121;-121,61400678336457;6,14007E+13;14;10980
;;;;;
639;-99;-99,28171856125383;2,81719E+13;12;10992
;;;;;
640;-89;-89,5815720784224;5,81572E+12;13;11005
;;;;;
641;-86;-86,24136961672431;2,4137E+13;12;11017
;;;;;
642;-131;-131,1546590445596;1,54659E+12;17;11034
;;;;;
643;-118;-118,75568834771315;7,55688E+13;15;11049
;;;;;
644;-105;-105,22969794004624;2,29698E+13;15;11064
;;;;;
645;-86;-86,16714098641077;1,67141E+13;12;11076
;;;;;
646;-98;-98,86394453644598;8,63945E+13;9;11085
;;;;;
647;-159;-159,24002836183254;2,40028E+13;19;11104
;;;;;
648;-86;-86,20138020690058;2,0138E+13;12;11116
;;;;;
649;-97;-97,15765386951708;1,57654E+13;9;11125
;;;;;
650;-113;-113,16073604593686;1,60736E+13;15;11140
;;;;;
651;-110;-110,58190564700922;5,81906E+13;14;11154
;;;;;
652;-102;-102,6117462984067;6,11746E+12;15;11169
;;;;;
653;-189;-189,25590391125758;2,55904E+13;18;11187
;;;;;
654;-139;-139,57443093972694;5,74431E+13;16;11203
;;;;;
655;-92;-92,13158138693606;1,31581E+13;10;11213
;;;;;
656;-86;-86,18383010509231;1,8383E+13;12;11225
;;;;;
657;-108;-108,44469790611296;4,44698E+13;16;11241
;;;;;
658;-143;-143,7015649664589;7,01565E+12;22;11263
;;;;;
659;-93;-93,60763216401901;6,07632E+13;11;11274
;;;;;
660;-96;-96,35381421123242;3,53814E+13;9;11283
;;;;;
661;-140;-140,4270786831541;4,27079E+12;16;11299
;;;;;
662;-84;-84,21294854190154;2,12949E+13;14;11313
;;;;;
663;-98;-98,72037316337713;7,20373E+13;10;11323
;;;;;
664;-115;-115,41053149351555;4,10531E+13;11;11334
;;;;;
665;-86;-86,2679750075147;2,67975E+12;12;11346
;;;;;
666;-94;-94,87667290819911;8,76673E+13;12;11358
;;;;;
667;-105;-105,97027857161717;9,70279E+13;12;11370
;;;;;
668;-86;-86,1866000318729;1,866E+12;12;11382
;;;;;
669;-86;-86,15056001781846;1,5056E+13;12;11394
;;;;;
670;-139;-139,78662533813056;7,86625E+13;14;11408
;;;;;
671;-98;-98,71680199782676;7,16802E+13;10;11418
;;;;;
672;-100;-100,99125012990916;9,9125E+13;13;11431
;;;;;
673;-288;-288,22917178032094;2,29172E+13;30;11461
;;;;;
674;-106;-106,50074137894575;5,00741E+13;12;11473
;;;;;
675;-106;-106,86885961153047;8,6886E+13;15;11488
;;;;;
676;-111;-111,6560520482692;6,56052E+12;13;11501
;;;;;
677;-350;-350,7381640640899;7,38164E+12;34;11535
;;;;;
678;-215;-215,122457838218;1,22458E+11;20;11555
;;;;;
679;-136;-136,8609230624846;8,60923E+12;15;11570
;;;;;
680;-111;-111,32629038770793;3,2629E+13;14;11584
;;;;;
681;-106;-106,42368748691177;4,23687E+13;13;11597
;;;;;
682;-86;-86,37824833306067;3,78248E+13;12;11609
;;;;;
683;-108;-108,4108533726009;4,10853E+12;11;11620
;;;;;
684;-124;-124,2938363484052;2,93836E+12;11;11631
;;;;;
685;-99;-99,18068963071127;1,8069E+13;14;11645
;;;;;
686;-388;-388,4160931645025;4,16093E+12;28;11673
;;;;;
687;-89;-89,63378489114692;6,33785E+13;12;11685
;;;;;
688;-86;-86,12853837807339;1,28538E+13;12;11697
;;;;;
689;-110;-110,58289602481557;5,82896E+13;14;11711
;;;;;
690;-100;-100,58449909013106;5,84499E+13;12;11723
;;;;;
691;-109;-109,75151498473966;7,51515E+13;12;11735
;;;;;
692;-96;-96,59978423555629;5,99784E+13;12;11747
;;;;;
693;-111;-111,21640319231787;2,16403E+13;14;11761
;;;;;
694;-127;-127,93218167002166;9,32182E+13;14;11775
;;;;;
695;-121;-121,64292069728529;6,42921E+13;13;11788
;;;;;
696;-92;-92,985424868806;9,85425E+11;10;11798
;;;;;
697;-124;-124,30699188669041;3,06992E+13;14;11812
;;;;;
698;-109;-109,7550155644222;7,55016E+12;13;11825
;;;;;
699;-97;-97,77842031586198;7,7842E+13;8;11833
;;;;;
700;-86;-86,15157407380886;1,51574E+13;12;11845
;;;;;
701;-111;-111,34350162430027;3,43502E+13;14;11859
;;;;;
702;-86;-86,13879324937531;1,38793E+13;12;11871
;;;;;
703;-134;-134,65633488236307;6,56335E+13;15;11886
;;;;;
704;-92;-92,98537346423089;9,85373E+13;12;11898
;;;;;
705;-97;-97,149705870038;1,49706E+11;11;11909
;;;;;
706;-110;-110,87268652204315;8,72687E+13;12;11921
;;;;;
707;-98;-98,80244489531773;8,02445E+13;12;11933
;;;;;
708;-109;-109,73757036845296;7,3757E+13;12;11945
;;;;;
709;-108;-108,91906276959892;9,19063E+13;14;11959
;;;;;
710;-111;-111,9806758419057;9,80676E+12;14;11973
;;;;;
711;-96;-96,59049745212818;5,90497E+13;12;11985
;;;;;
712;-86;-86,27194259710251;2,71943E+13;12;11997
;;;;;
713;-119;-119,51349258447019;5,13493E+13;20;12017
;;;;;
714;-121;-121,50794394360886;5,07944E+13;14;12031
;;;;;
715;-94;-94,90667617071423;9,06676E+13;12;12043
;;;;;
716;-103;-103,49909234568185;4,99092E+13;10;12053
;;;;;
717;-92;-92,42307266690688;4,23073E+13;9;12062
;;;;;
718;-86;-86,21104236011104;2,11042E+13;12;12074
;;;;;
719;-86;-86,16503000101784;1,6503E+13;12;12086
;;;;;
720;-97;-97,21979287545571;2,19793E+13;9;12095
;;;;;
721;-98;-98,71761126083851;7,17611E+13;10;12105
;;;;;
722;-102;-102,56613479281069;5,66135E+13;20;12125
;;;;;
723;-126;-126,76006923176604;7,60069E+13;16;12141
;;;;;
724;-122;-122,85413784765345;8,54138E+13;16;12157
;;;;;
725;-96;-96,47622620948405;4,76226E+13;12;12169
;;;;;
726;-86;-86,23920086008576;2,39201E+13;12;12181
;;;;;
727;-97;-97,5089862369044;5,08986E+12;11;12192
;;;;;
728;-92;-92,48636911123381;4,86369E+13;18;12210
;;;;;
729;-84;-84,34711874964191;3,47119E+13;14;12224
;;;;;
730;-88;-88,62905015980905;6,2905E+13;11;12235
;;;;;
731;-111;-111,34880063325312;3,48801E+13;14;12249
;;;;;
732;-99;-99,17920763094358;1,79208E+13;14;12263
;;;;;
733;-96;-96,55347400548627;5,53474E+13;12;12275
;;;;;
734;-86;-86,47682880982231;4,76829E+13;16;12291
;;;;;
735;-110;-110,69685458892602;6,96855E+13;20;12311
;;;;;
736;-97;-97,69231093256644;6,92311E+13;10;12321
;;;;;
737;-192;-192,40304743036594;4,03047E+13;20;12341
;;;;;
738;-109;-109,11090461132409;1,10905E+13;21;12362
;;;;;
739;-98;-98,72438210427086;7,24382E+13;10;12372
;;;;;
740;-100;-100,48080818645604;4,80808E+13;12;12384
;;;;;
741;-111;-111,56200865534822;5,62009E+13;11;12395
;;;;;
742;-92;-92,50808732043458;5,08087E+13;10;12405
;;;;;
743;-95;-95,36234031351967;3,6234E+13;10;12415
;;;;;
744;-202;-202,26512840217347;2,65128E+13;29;12444
;;;;;
745;-98;-98,75193122869808;7,51931E+13;10;12454
;;;;;
746;-109;-109,73373094871897;7,33731E+13;12;12466
;;;;;
747;-118;-118,315021057309;3,15021E+11;17;12483
;;;;;
748;-92;-92,39647647037447;3,96476E+13;18;12501
;;;;;
749;-162;-162,9113202704747;9,1132E+12;22;12523
;;;;;
750;-108;-108,19111717161778;1,91117E+13;11;12534
;;;;;
751;-98;-98,69080576861785;6,90806E+13;10;12544
;;;;;
752;-86;-86,37995681488283;3,79957E+13;16;12560
;;;;;
753;-98;-98,71550036808424;7,155E+13;10;12570
;;;;;
754;-116;-116,291050718441;2,91051E+11;12;12582
;;;;;
755;-102;-102,49908914411566;4,99089E+13;20;12602
;;;;;
756;-97;-97,28524167888611;2,85242E+13;11;12613
;;;;;
757;-127;-127,18701616763553;1,87016E+13;14;12627
;;;;;
758;-109;-109,66980358257206;6,69804E+13;12;12639
;;;;;
759;-224;-224,5067172035403;5,06717E+12;29;12668
;;;;;
760;-98;-98,72079748989688;7,20797E+13;10;12678
;;;;;
761;-140;-140,25607766698656;2,56078E+13;16;12694
;;;;;
762;-98;-98,7082729564284;7,08273E+12;10;12704
;;;;;
763;-133;-133,28145414462267;2,81454E+13;14;12718
;;;;;
764;-142;-142,8133281491094;8,13328E+12;17;12735
;;;;;
765;-98;-98,70709070980746;7,07091E+13;10;12745
;;;;;
766;-149;-149,37348040226374;3,7348E+13;16;12761
;;;;;
767;-98;-98,69811054021127;6,98111E+13;10;12771
;;;;;
768;-98;-98,71117976638504;7,1118E+13;10;12781
;;;;;
769;-119;-119,54622222496732;5,46222E+13;16;12797
;;;;;
770;-96;-96,62341702379956;6,23417E+13;12;12809
;;;;;
771;-88;-88,62581697946365;6,25817E+13;11;12820
;;;;;
772;-94;-94,98838922743019;9,88389E+13;12;12832
;;;;;
773;-88;-88,66587888285807;6,65879E+13;11;12843
;;;;;
774;-86;-86,20556664747798;2,05567E+13;12;12855
;;;;;
775;-94;-94,94334564492686;9,43346E+13;12;12867
;;;;;
776;-129;-129,68036773041604;6,80368E+13;20;12887
;;;;;
777;-96;-96,35925717125542;3,59257E+13;9;12896
;;;;;
778;-84;-84,65805690602585;6,58057E+13;13;12909
;;;;;
779;-98;-98,72295855662287;7,22959E+13;10;12919
;;;;;
780;-116;-116,86457296688525;8,64573E+13;12;12931
;;;;;
781;-113;-113,8961101632517;8,9611E+12;13;12944
;;;;;
782;-102;-102,23241560797075;2,32416E+13;13;12957
;;;;;
783;-88;-88,87390900555394;8,73909E+13;12;12969
;;;;;
784;-86;-86,17145482545794;1,71455E+13;12;12981
;;;;;
785;-98;-98,71203441490928;7,12034E+13;10;12991
;;;;;
786;-107;-107,9737459173457;9,73746E+12;12;13003
;;;;;
787;-93;-93,40393629905097;4,03936E+13;13;13016
;;;;;
788;-124;-124,87607285536725;8,76073E+13;14;13030
;;;;;
789;-84;-84,7170163694309;7,17016E+12;13;13043
;;;;;
790;-125;-125,24765986131047;2,4766E+13;16;13059
;;;;;
791;-118;-118,83290808746924;8,32908E+13;12;13071
;;;;;
792;-98;-98,68625766944191;6,86258E+13;10;13081
;;;;;
793;-86;-86,1410828548326;1,41083E+12;12;13093
;;;;;
794;-99;-99,7796183774724;7,79618E+12;12;13105
;;;;;
795;-112;-112,31217741784943;3,12177E+13;17;13122
;;;;;
796;-96;-96,35928907516478;3,59289E+13;9;13131
;;;;;
797;-116;-116,6153181724286;6,15318E+12;22;13153
;;;;;
798;-102;-102,46311137607563;4,63111E+13;13;13166
;;;;;
799;-116;-116,85310358403618;8,53104E+13;12;13178
;;;;;
800;-88;-88,64664517682766;6,46645E+13;11;13189
;;;;;
801;-753;-753,23881423454;23881423454;40;13229
;;;;;
802;-100;-100,9387280294415;9,38728E+12;12;13241
;;;;;
803;-121;-121,68779132680808;6,87791E+13;14;13255
;;;;;
804;-99;-99,78395734521251;7,83957E+13;14;13269
;;;;;
805;-183;-183,35712760039817;3,57128E+13;26;13295
;;;;;
806;-96;-96,6113528376356;6,11353E+12;13;13308
;;;;;
807;-164;-164,73616894443106;7,36169E+13;16;13324
;;;;;
808;-93;-93,24848459907426;2,48485E+13;12;13336
;;;;;
809;-111;-111,71819418519618;7,18194E+13;13;13349
;;;;;
810;-92;-92,12385568766797;1,23856E+13;10;13359
;;;;;
811;-98;-98,72121285641981;7,21213E+13;10;13369
;;;;;
812;-98;-98,69482000577591;6,9482E+13;10;13379
;;;;;
813;-97;-97,86196570876257;8,61966E+13;9;13388
;;;;;
814;-121;-121,78730322563345;7,87303E+13;12;13400
;;;;;
815;-98;-98,73958905298588;7,39589E+13;10;13410
;;;;;
816;-98;-98,78522347896774;7,85223E+13;12;13422
;;;;;
817;-96;-96,99486232636713;9,94862E+13;11;13433
;;;;;
818;-235;-235,45510720792535;4,55107E+13;19;13452
;;;;;
819;-98;-98,7228722381233;7,22872E+12;10;13462
;;;;;
820;-98;-98,70222948238683;7,02229E+13;10;13472
;;;;;
821;-98;-98,70847389875726;7,08474E+13;10;13482
;;;;;
822;-84;-84,1911462833462;1,91146E+12;14;13496
;;;;;
823;-115;-115,4641952111794;4,64195E+12;11;13507
;;;;;
824;-98;-98,71017806723287;7,10178E+13;10;13517
;;;;;
825;-90;-90,34314603235458;3,43146E+13;13;13530
;;;;;
826;-98;-98,69444400066277;6,94444E+13;10;13540
;;;;;
827;-97;-97,70928973598643;7,0929E+13;10;13550
;;;;;
828;-98;-98,72681485339831;7,26815E+13;10;13560
;;;;;
829;-100;-100,58754409473087;5,87544E+13;12;13572
;;;;;
830;-96;-96,59598809720549;5,95988E+13;12;13584
;;;;;
831;-97;-97,70754128074071;7,07541E+13;10;13594
;;;;;
832;-86;-86,16169294008247;1,61693E+13;12;13606
;;;;;
833;-96;-96,54649686760962;5,46497E+13;12;13618
;;;;;
834;-109;-109,63874214921711;6,38742E+13;12;13630
;;;;;
835;-120;-120,59483492690745;5,94835E+13;14;13644
;;;;;
836;-92;-92,3100104870378;3,1001E+12;12;13656
;;;;;
837;-98;-98,68769314528399;6,87693E+13;10;13666
;;;;;
838;-121;-121,57013386287935;5,70134E+13;14;13680
;;;;;
839;-111;-111,3178981862799;3,17898E+12;14;13694
;;;;;
840;-102;-102,69486185612564;6,94862E+13;17;13711
;;;;;
841;-115;-115,53433643680651;5,34336E+13;11;13722
;;;;;
842;-91;-91,62691588128558;6,26916E+13;12;13734
;;;;;
843;-86;-86,26330158077516;2,63302E+13;12;13746
;;;;;
844;-97;-97,70429976405987;7,043E+13;10;13756
;;;;;
845;-138;-138,77763511808465;7,77635E+13;14;13770
;;;;;
846;-93;-93,66366071975864;6,63661E+13;10;13780
;;;;;
847;-114;-114,28070451172522;2,80705E+13;12;13792
;;;;;
848;-96;-96,5278832359582;5,27883E+12;12;13804
;;;;;
849;-107;-107,59248470715636;5,92485E+13;17;13821
;;;;;
850;-88;-88,62878629021085;6,28786E+13;11;13832
;;;;;
851;-92;-92,17089264247718;1,70893E+13;10;13842
;;;;;
852;-86;-86,1930083595912;1,93008E+12;12;13854
;;;;;
853;-189;-189,77976437301348;7,79764E+13;19;13873
;;;;;
854;-97;-97,54357652368682;5,43577E+13;11;13884
;;;;;
855;-98;-98,73480264083867;7,34803E+13;10;13894
;;;;;
856;-84;-84,69222210846988;6,92222E+13;13;13907
;;;;;
857;-132;-132,50427269819548;5,04273E+13;18;13925
;;;;;
858;-124;-124,88010261691107;8,80103E+13;14;13939
;;;;;
859;-120;-120,2317713115403;2,31771E+12;14;13953
;;;;;
860;-114;-114,86543742611596;8,65437E+13;10;13963
;;;;;
861;-120;-120,62680593737377;6,26806E+13;13;13976
;;;;;
862;-197;-197,99517973039855;9,9518E+13;20;13996
;;;;;
863;-98;-98,54788137072458;5,47881E+13;19;14015
;;;;;
864;-179;-179,4843991147114;4,84399E+12;22;14037
;;;;;
865;-117;-117,2733232575408;2,73323E+12;18;14055
;;;;;
866;-121;-121,46255268317458;4,62553E+13;15;14070
;;;;;
867;-121;-121,62441052414286;6,24411E+13;17;14087
;;;;;
868;-104;-104,72631549205119;7,26315E+13;15;14102
;;;;;
869;-134;-134,85838948889898;8,58389E+13;14;14116
;;;;;
870;-98;-98,7034972096377;7,03497E+12;10;14126
;;;;;
871;-111;-111,18694896695436;1,86949E+13;12;14138
;;;;;
872;-98;-98,70915464198413;7,09155E+13;10;14148
;;;;;
873;-97;-97,97681672659334;9,76817E+13;15;14163
;;;;;
874;-135;-135,62509737872418;6,25097E+13;14;14177
;;;;;
875;-118;-118,65585009285599;6,5585E+13;10;14187
;;;;;
876;-96;-96,55532112510056;5,55321E+13;12;14199
;;;;;
877;-96;-96,54992101523456;5,49921E+13;12;14211
;;;;;
878;-97;-97,57386627722153;5,73866E+13;11;14222
;;;;;
879;-97;-97,74003462773155;7,40035E+13;10;14232
;;;;;
880;-52;-52,70373011225743;7,0373E+13;16;14248
;;;;;
881;-146;-146,40661107214098;4,06611E+13;18;14266
;;;;;
882;-125;-125,40327939459698;4,03279E+13;23;14289
;;;;;
883;-123;-123,28497104589042;2,84971E+13;13;14302
;;;;;
884;-529;-529,1506079721845;1,50608E+12;35;14337
;;;;;
885;-86;-86,55960502223562;5,59605E+13;16;14353
;;;;;
886;-88;-88,65001207306616;6,50012E+13;11;14364
;;;;;
887;-115;-115,59546074737801;5,95461E+13;12;14376
;;;;;
888;-96;-96,43768763246553;4,37688E+13;9;14385
;;;;;
889;-100;-100,83175872837444;8,31759E+13;17;14402
;;;;;
890;-96;-96,59643873033144;5,96439E+13;12;14414
;;;;;
891;-455;-455,8958035637232;8,95804E+12;41;14455
;;;;;
892;-84;-84,76418434415845;7,64184E+13;13;14468
;;;;;
893;-97;-97,690780292503;6,9078E+11;10;14478
;;;;;
894;-305;-305,77608300654157;7,76083E+13;35;14513
;;;;;
895;-96;-96,63062506767119;6,30625E+13;12;14525
;;;;;
896;-96;-96,59029352564838;5,90294E+13;12;14537
;;;;;
897;-111;-111,80045740009348;8,00457E+13;13;14550
;;;;;
898;-84;-84,77574682919817;7,75747E+13;15;14565
;;;;;
899;-115;-115,99047651558206;9,90477E+13;12;14577
;;;;;
900;-120;-120,71921332457754;7,19213E+13;13;14590
;;;;;
901;-98;-98,68512150782493;6,85122E+13;10;14601
;;;;;
902;-98;-98,89404064746168;8,94041E+13;9;14610
;;;;;
903;-103;-103,72215742124811;7,22157E+13;15;14625
;;;;;
904;-113;-113,36063832741854;3,60638E+13;17;14642
;;;;;
905;-96;-96,49163222123133;4,91632E+13;12;14654
;;;;;
906;-96;-96,54300818828918;5,43008E+13;12;14666
;;;;;
907;-123;-123,70571127169939;7,05711E+13;15;14681
;;;;;
908;-124;-124,72733837982648;7,27338E+13;14;14695
;;;;;
909;-121;-121,7838408221593;7,83841E+12;14;14709
;;;;;
910;-96;-96,73821881557842;7,38219E+13;11;14720
;;;;;
911;-150;-150,61403027464186;6,1403E+13;16;14736
;;;;;
912;-96;-96,67931505632734;6,79315E+13;13;14749
;;;;;
913;-116;-116,942688288441;9,42688E+11;12;14761
;;;;;
914;-716;-716,4266808232428;4,26681E+12;49;14810
;;;;;
915;-102;-102,4437820346565;4,43782E+12;12;14822
;;;;;
916;-141;-141,52981151005307;5,29812E+13;15;14837
;;;;;
917;-157;-157,9688810980126;9,68881E+12;26;14863
;;;;;
918;-97;-97,70777421461136;7,07774E+13;10;14873
;;;;;
919;-86;-86,20546550433718;2,05466E+13;12;14885
;;;;;
920;-84;-84,781898023564;7,81898E+11;13;14898
;;;;;
921;-91;-91,89647207768928;8,96472E+13;10;14908
;;;;;
922;-92;-92,9912890338595;9,91289E+12;10;14918
;;;;;
923;-98;-98,7207256378187;7,20726E+12;11;14929
;;;;;
924;-106;-106,8501378108271;8,50138E+12;13;14942
;;;;;
925;-86;-86,14138018336229;1,4138E+13;12;14954
;;;;;
926;-98;-98,7188213430571;7,18821E+12;10;14964
;;;;;
927;-97;-97,68926030858987;6,8926E+13;10;14974
;;;;;
928;-110;-110,5182842424509;5,18284E+12;16;14990
;;;;;
929;-118;-118,30863309026287;3,08633E+13;11;15001
;;;;;
930;-150;-150,28481477259277;2,84815E+13;15;15016
;;;;;
931;-100;-100,60306641659668;6,03066E+13;12;15028
;;;;;
932;-84;-84,30361030146119;3,0361E+13;14;15042
;;;;;
933;-138;-138,6117282079118;6,11728E+12;13;15055
;;;;;
934;-138;-138,63947588921255;6,39476E+13;13;15068
;;;;;
935;-138;-138,77439087248064;7,74391E+13;14;15082
;;;;;
936;-128;-128,34336099125696;3,43361E+13;16;15098
;;;;;
937;-98;-98,70660939916476;7,06609E+13;10;15108
;;;;;
938;-88;-88,66550409448618;6,65504E+13;11;15119
;;;;;
939;-106;-106,885578910921;8,85579E+11;15;15134
;;;;;
940;-131;-131,95573611411535;9,55736E+13;14;15148
;;;;;
941;-116;-116,72078892922602;7,20789E+13;12;15160
;;;;;
942;-143;-143,88908003215076;8,8908E+13;14;15174
;;;;;
943;-63;-63,955769674112844;9,5577E+14;17;15191
;;;;;
944;-367;-367,2238823741744;2,23882E+12;26;15217
;;;;;
945;-104;-104,10081832609316;1,00818E+13;12;15229
;;;;;
946;-187;-187,82898551666335;8,28986E+13;19;15248
;;;;;
947;-96;-96,42815866621109;4,28159E+13;9;15257
;;;;;
948;-97;-97,18975947083021;1,89759E+13;9;15266
;;;;;
949;-149;-149,1645525286384;1,64553E+12;16;15282
;;;;;
950;-119;-119,16592187617377;1,65922E+13;16;15298
;;;;;
951;-661;-661,1971741303905;1,97174E+12;36;15334
;;;;;
952;-273;-273,58594134455245;5,85941E+13;23;15357
;;;;;
953;-84;-84,74184796182249;7,41848E+13;13;15370
;;;;;
954;-891;-891,4010922251338;4,01092E+12;45;15415
;;;;;
955;-653;-653,222191894395;2,22192E+11;37;15452
;;;;;
956;-199;-199,82610347902357;8,26103E+13;21;15473
;;;;;
957;-675;-675,5678621437845;5,67862E+12;38;15511
;;;;;
958;-1383;-1383,2707461953432;2,70746E+12;52;15563
;;;;;
959;-135;-135,8780829962366;8,78083E+12;15;15578
;;;;;
960;-218;-218,24301944211143;2,43019E+13;25;15603
;;;;;
961;-240;-240,8650806456504;8,65081E+12;20;15623
;;;;;
962;-261;-261,64783192122854;6,47832E+13;24;15647
;;;;;
963;-231;-231,199688684655;1,99689E+11;22;15669
;;;;;
964;-138;-138,6233854210117;6,23385E+12;13;15682
;;;;;
965;-320;-320,80649456148916;8,06495E+13;24;15706
;;;;;
966;-270;-270,68189791349886;6,81898E+13;21;15727
;;;;;
967;-96;-96,7022288162843;7,02229E+12;11;15738
;;;;;
968;-190;-190,58286340517736;5,82863E+13;18;15756
;;;;;
969;-116;-116,2581409074054;2,58141E+12;12;15768
;;;;;
970;-96;-96,28415843041918;2,84158E+13;9;15777
;;;;;
971;-469;-469,39265568440874;3,92656E+13;29;15806
;;;;;
972;-166;-166,86916100963916;8,69161E+13;17;15823
;;;;;
973;-193;-193,79598251136673;7,95983E+13;18;15841
;;;;;
974;-106;-106,86564621916494;8,65646E+13;13;15854
;;;;;
975;-101;-101,26608608421287;2,66086E+13;12;15866
;;;;;
976;-97;-97,15541367272249;1,55414E+13;9;15875
;;;;;
977;-169;-169,80583139972765;8,05831E+13;17;15892
;;;;;
978;-88;-88,65226620090758;6,52266E+13;11;15903
;;;;;
979;-92;-92,10115244483421;1,01152E+13;10;15913
;;;;;
980;-129;-129,6631628927052;6,63163E+12;20;15933
;;;;;
981;-118;-118,87575250726951;8,75753E+13;12;15945
;;;;;
982;-116;-116,88093995290802;8,8094E+13;12;15957
;;;;;
983;-165;-165,50523610190456;5,05236E+13;15;15972
;;;;;
984;-88;-88,69784428222732;6,97844E+13;11;15983
;;;;;
985;-113;-113,19960936270121;1,99609E+13;12;15995
;;;;;
986;-116;-116,82116443112628;8,21164E+13;12;16007
;;;;;
987;-226;-226,89081897371565;8,90819E+13;18;16025
;;;;;
988;-118;-118,80816473680096;8,08165E+13;12;16037
;;;;;
989;-328;-328,87279087378823;8,72791E+13;24;16061
;;;;;
990;-98;-98,70982721013993;7,09827E+13;10;16071
;;;;;
991;-115;-115,58847623097702;5,88476E+13;11;16082
;;;;;
992;-114;-114,85639040297829;8,5639E+13;10;16092
;;;;;
993;-115;-115,61206651777735;6,12067E+13;11;16103
;;;;;
994;-117;-117,9828944386939;9,82894E+12;11;16114
;;;;;
995;-101;-101,40980889995538;4,09809E+13;11;16125
;;;;;
996;-164;-164,7836368075747;7,83637E+12;16;16141
;;;;;
997;-150;-150,38405070468937;3,84051E+13;15;16156
;;;;;
998;-98;-98,69261943096339;6,92619E+13;10;16166
;;;;;
999;-98;-98,71822303792064;7,18223E+13;10;16176
;;;;;
1000;-143;-143,8340174461159;8,34017E+12;14;16190
;;;;;
1001;-41;-41,653573601495765;6,53574E+14;17;16207
;;;;;
1002;-98;-98,7344386192189;7,34439E+12;10;16217
;;;;;
1003;-120;-120,99051922962875;9,90519E+13;13;16230
;;;;;
1004;-150;-150,30082109216812;3,00821E+13;15;16245
;;;;;
1005;-98;-98,28554283112183;2,85543E+13;13;16258
;;;;;
1006;-99;-99,73804390263021;7,38044E+13;12;16270
;;;;;
1007;-42;-42,59328926834979;5,93289E+13;23;16293
;;;;;
1008;-101;-101,52134438612492;5,21344E+13;11;16304
;;;;;
1009;-101;-101,41826734089065;4,18267E+13;11;16315
;;;;;
1010;-194;-194,21079263442434;2,10793E+13;27;16342
;;;;;
1011;-99;-99,3741924013477;3,74192E+12;16;16358
;;;;;
1012;-100;-100,63617756573763;6,36178E+13;13;16371
;;;;;
1013;-88;-88,6361714149781;6,36171E+12;11;16382
;;;;;
1014;-92;-92,13218338333053;1,32183E+13;10;16392
;;;;;
1015;-86;-86,15118987625021;1,5119E+13;12;16404
;;;;;
1016;-98;-98,2788137483019;2,78814E+12;11;16415
;;;;;
1017;-136;-136,834342504027;8,34343E+11;15;16430
;;;;;
1018;-87;-87,5456489764808;5,45649E+12;11;16441
;;;;;
1019;-95;-95,48580563424179;4,85806E+13;15;16456
;;;;;
1020;-89;-89,99593430413805;9,95934E+13;15;16471
;;;;;
1021;-86;-86,2192729107983;2,19273E+12;12;16483
;;;;;
1022;-86;-86,20796265235091;2,07963E+13;12;16495
;;;;;
1023;-111;-111,87641549177158;8,76415E+13;11;16506
;;;;;
1024;-98;-98,74198491604315;7,41985E+13;10;16516
;;;;;
1025;-100;-100,18854393692888;1,88544E+13;13;16529
;;;;;
1026;-63;-63,94615501930511;9,46155E+13;17;16546
;;;;;
1027;-101;-101,40768092179718;4,07681E+13;11;16557
;;;;;
1028;-99;-99,51717745343188;5,17177E+13;11;16568
;;;;;
1029;-105;-105,64269512677893;6,42695E+13;9;16577
;;;;;
1030;-99;-99,73284356307579;7,32844E+13;16;16593
;;;;;
1031;-103;-103,24200910021978;2,42009E+13;13;16606
;;;;;
1032;-94;-94,95700476030723;9,57005E+13;12;16618
;;;;;
1033;-94;-94,62293024918418;6,2293E+13;13;16631
;;;;;
1034;-92;-92,8890152175826;8,89015E+12;10;16641
;;;;;
1035;-99;-99,53884091582373;5,38841E+13;11;16652
;;;;;
1036;-97;-97,4395814412032;4,39581E+12;11;16663
;;;;;
1037;-116;-116,8647564135047;8,64756E+12;12;16675
;;;;;
1038;-105;-105,66376931058946;6,63769E+13;12;16687
;;;;;
1039;-110;-110,89132248660829;8,91322E+13;11;16698
;;;;;
1040;-92;-92,3263807694702;3,26381E+12;10;16708
;;;;;
1041;-96;-96,36956922873188;3,69569E+13;9;16717
;;;;;
1042;-113;-113,18249534260565;1,82495E+13;12;16729
;;;;;
1043;-97;-97,5852520016069;5,85252E+12;11;16740
;;;;;
1044;-101;-101,21537942412914;2,15379E+13;12;16752
;;;;;
1045;-106;-106,22702917274506;2,27029E+13;9;16761
;;;;;
1046;-106;-106,22467266769215;2,24673E+13;9;16770
;;;;;
1047;-94;-94,81508825213194;8,15088E+13;12;16782
;;;;;
1048;-100;-100,55671797352664;5,56718E+13;12;16794
;;;;;
1049;-92;-92,13545698040656;1,35457E+13;10;16804
;;;;;
1050;-98;-98,86683547646055;8,66835E+13;9;16813
;;;;;
1051;-84;-84,1520325260316;1,52033E+12;10;16823
;;;;;
1052;-92;-92,14941504945159;1,49415E+13;10;16833
;;;;;
1053;-86;-86,1946822270692;1,94682E+12;12;16845
;;;;;
1054;-96;-96,33449441868893;3,34494E+13;11;16856
;;;;;
1055;-419;-419,22739743819034;2,27397E+13;45;16901
;;;;;
1056;-94;-94,94492560788763;9,44926E+13;12;16913
;;;;;
1057;-95;-95,1771529276454;1,77153E+12;12;16925
;;;;;
1058;-105;-105,2834607338466;2,83461E+12;10;16935
;;;;;
1059;-103;-103,88911278332014;8,89113E+13;10;16945
;;;;;
1060;-112;-112,70656650711996;7,06567E+13;14;16959
;;;;;
1061;-94;-94,94572699740613;9,45727E+13;12;16971
;;;;;
1062;-76;-76,73399510579111;7,33995E+13;20;16991
;;;;;
1063;-85;-85,44250763771231;4,42508E+13;12;17003
;;;;;
1064;-97;-97,6424778705065;6,42478E+12;11;17014
;;;;;
1065;-97;-97,78365672782485;7,83657E+13;8;17022
;;;;;
1066;-118;-118,27548076380396;2,75481E+13;11;17033
;;;;;
1067;-94;-94,58620033863136;5,862E+13;17;17050
;;;;;
1068;-111;-111,24009615754;24009615754;15;17065
;;;;;
1069;-119;-119,86141887226054;8,61419E+13;15;17080
;;;;;
1070;-98;-98,44809634512237;4,48096E+13;10;17090
;;;;;
1071;-126;-126,193222917583;1,93223E+11;14;17104
;;;;;
1072;-107;-107,91455212143916;9,14552E+13;12;17116
;;;;;
1073;-88;-88,63987751587129;6,39878E+13;11;17127
;;;;;
1074;-92;-92,6799460323344;6,79946E+12;10;17137
;;;;;
1075;-106;-106,19585224475591;1,95852E+13;9;17146
;;;;;
1076;-96;-96,330394795414;3,30395E+11;10;17156
;;;;;
1077;-121;-121,55441339845669;5,54413E+13;15;17171
;;;;;
1078;-121;-121,28746267252654;2,87463E+13;16;17187
;;;;;
1079;-137;-137,98455271473216;9,84553E+13;13;17200
;;;;;
1080;-94;-94,99351338129514;9,93513E+13;12;17212
;;;;;
1081;-92;-92,13268707660302;1,32687E+13;10;17222
;;;;;
1082;-92;-92,7280611454595;7,28061E+12;10;17232
;;;;;
1083;-94;-94,7957235292076;7,95724E+12;13;17245
;;;;;
1084;-121;-121,87358057726911;8,73581E+13;15;17260
;;;;;
1085;-78;-78,81818305550672;8,18183E+13;18;17278
;;;;;
1086;-127;-127,99235631021398;9,92356E+13;15;17293
;;;;;
1087;-113;-113,53874841402714;5,38748E+13;12;17305
;;;;;
1088;-114;-114,8738427412656;8,73843E+12;13;17318
;;;;;
1089;-59;-59,908553351190704;9,08553E+14;15;17333
;;;;;
1090;-99;-99,75495188114957;7,54952E+13;13;17346
;;;;;
1091;-94;-94,61393223443687;6,13932E+13;13;17359
;;;;;
1092;-94;-94,95846491541252;9,58465E+13;12;17371
;;;;;
1093;-96;-96,33830669419513;3,38307E+13;11;17382
;;;;;
1094;-98;-98,74355709832514;7,43557E+13;11;17393
;;;;;
1095;316;316,536730252643;5,3673E+11;43;17436
;;;;;
1096;-94;-94,78809731026345;7,88097E+13;13;17449
;;;;;
1097;-94;-94,90458845474905;9,04588E+13;12;17461
;;;;;
1098;-104;-104,74910391086405;7,49104E+13;13;17474
;;;;;
1099;-96;-96,35666430648257;3,56664E+13;11;17485
;;;;;
1100;-94;-94,1013062752422;1,01306E+12;14;17499
;;;;;
1101;-94;-94,71535689538118;7,15357E+13;13;17512
;;;;;
1102;-94;-94,69542551579033;6,95426E+13;13;17525
;;;;;
1103;-94;-94,7456955195228;7,45696E+12;13;17538
;;;;;
1104;-89;-89,80920063273;80920063273;19;17557
;;;;;
1105;-96;-96,842713439499;8,42713E+11;10;17567
;;;;;
1106;-87;-87,17877654104544;1,78777E+13;17;17584
;;;;;
1107;-5;-5,483792335785438;4,83792E+14;30;17614
;;;;;
1108;-89;-89,6250833946489;6,25083E+12;12;17626
;;;;;
1109;-108;-108,64638674826983;6,46387E+13;16;17642
;;;;;
1110;-92;-92,15459036023967;1,5459E+13;10;17652
;;;;;
1111;-92;-92,12519122730626;1,25191E+13;10;17662
;;;;;
1112;-124;-124,8812254821424;8,81225E+12;12;17674
;;;;;
1113;-97;-97,78577375346939;7,85774E+13;8;17682
;;;;;
1114;-106;-106,87149469934872;8,71495E+13;13;17695
;;;;;
1115;-107;-107,59644218530079;5,96442E+13;11;17706
;;;;;
1116;-118;-118,97560890742614;9,75609E+13;19;17725
;;;;;
1117;-106;-106,82439965565916;8,244E+13;13;17738
;;;;;
1118;-101;-101,23619579732642;2,36196E+13;12;17750
;;;;;
1119;-118;-118,58739886376674;5,87399E+13;13;17763
;;;;;
1120;-92;-92,19141915020975;1,91419E+13;10;17773
;;;;;
1121;-86;-86,1772490597256;1,77249E+12;12;17785
;;;;;
1122;-114;-114,88020984640482;8,8021E+13;13;17798
;;;;;
1123;-86;-86,3908101403337;3,9081E+12;12;17810
;;;;;
1124;-122;-122,52808200361113;5,28082E+13;14;17824
;;;;;
1125;-93;-93,42740296102312;4,27403E+13;23;17847
;;;;;
1126;-107;-107,76559085546398;7,65591E+13;12;17859
;;;;;
1127;-109;-109,72525765280474;7,25258E+13;15;17874
;;;;;
1128;-117;-117,90212299145824;9,02123E+13;16;17890
;;;;;
1129;-2438;-2438,264744792945;2,64745E+11;138;18028
;;;;;
1130;-129;-129,748189601499;7,4819E+11;14;18042
;;;;;
1131;-86;-86,18519506054616;1,85195E+13;12;18054
;;;;;
1132;-112;-112,11858638826192;1,18586E+13;9;18063
;;;;;
1133;-92;-92,17517288458814;1,75173E+13;10;18073
;;;;;
1134;-90;-90,66636404288758;6,66364E+13;12;18085
;;;;;
1135;-97;-97,63800349179388;6,38003E+13;11;18096
;;;;;
1136;-113;-113,17083233878759;1,70832E+13;12;18108
;;;;;
1137;-92;-92,1619493453469;1,61949E+12;10;18118
;;;;;
1138;-95;-95,37344490477702;3,73445E+13;12;18130
;;;;;
1139;-111;-111,27695735020549;2,76957E+13;14;18144
;;;;;
1140;-127;-127,96760969923085;9,6761E+13;15;18159
;;;;;
1141;-94;-94,78522339560166;7,85223E+13;13;18172
;;;;;
1142;-120;-120,4650977931826;4,65098E+12;14;18186
;;;;;
1143;-79;-79,7306196009836;7,3062E+12;19;18205
;;;;;
1144;-114;-114,89587125259152;8,95871E+13;13;18218
;;;;;
1145;-102;-102,85264088677931;8,52641E+13;22;18240
;;;;;
1146;-104;-104,56039499106072;5,60395E+13;15;18255
;;;;;
1147;-98;-98,70438441400472;7,04384E+13;11;18266
;;;;;
1148;-53;-53,12001804827531;1,20018E+13;21;18287
;;;;;
1149;-16;-16,950159348806665;9,50159E+14;19;18306
;;;;;
1150;-94;-94,90275883535625;9,02759E+13;11;18317
;;;;;
1151;-95;-95,47668594083359;4,76686E+13;14;18331
;;;;;
1152;-5946;-5946,492998570715;4,92999E+11;220;18551
;;;;;
1153;-267;-267,27383433432504;2,73834E+13;31;18582
;;;;;
1154;-110;-110,39830498378302;3,98305E+13;12;18594
;;;;;
1155;-614;-614,8360040906063;8,36004E+12;37;18631
;;;;;
1156;-115;-115,51466154011939;5,14662E+13;19;18650
;;;;;
1157;-98;-98,71613934324418;7,16139E+13;10;18660
;;;;;
1158;-96;-96,60915810515019;6,09158E+13;14;18674
;;;;;
1159;-128;-128,3631216441851;3,63122E+12;17;18691
;;;;;
1160;-96;-96,9692791472102;9,69279E+12;13;18704
;;;;;
1161;-680;-680,342036441193;3,42036E+11;31;18735
;;;;;
1162;-96;-96,10422244362402;1,04222E+13;13;18748
;;;;;
1163;-106;-106,87971919303195;8,79719E+13;13;18761
;;;;;
1164;-94;-94,95589378687862;9,55894E+13;11;18772
;;;;;
1165;-41;-41,65816362630446;6,58164E+13;17;18789
;;;;;
1166;-97;-97,8817293284838;8,81729E+12;9;18798
;;;;;
1167;-110;-110,53005433435783;5,30054E+13;13;18811
;;;;;
1168;-98;-98,69898872490586;6,98989E+13;11;18822
;;;;;
1169;-98;-98,75935118643264;7,59351E+13;11;18833
;;;;;
1170;-98;-98,70425874245637;7,04259E+13;11;18844
;;;;;
1171;-67;-67,64423834157051;6,44238E+13;23;18867
;;;;;
1172;-98;-98,70693627584586;7,06936E+13;11;18878
;;;;;
1173;-98;-98,7012411141875;7,01241E+12;11;18889
;;;;;
1174;-3831;-3831,2175721087124;2,17572E+12;86;18975
;;;;;
1175;-133;-133,7344785135246;7,34479E+12;19;18994
;;;;;
1176;-41;-41,626198344172906;6,26198E+14;17;19011
;;;;;
1177;-94;-94,94792954279009;9,4793E+13;12;19023
;;;;;
1178;-83;-83,71459626121197;7,14596E+13;12;19035
;;;;;
1179;-2608;-2608,512491618468;5,12492E+11;63;19098
;;;;;
1180;-117;-117,22711108170753;2,27111E+13;13;19111
;;;;;
1181;-60;-60,922077916065746;9,22078E+14;15;19126
;;;;;
1182;-117;-117,19406336359538;1,94063E+13;14;19140
;;;;;
1183;-312;-312,34092207893775;3,40922E+13;34;19174
;;;;;
1184;-41;-41,6585199005919;6,5852E+12;17;19191
;;;;;
1185;-41;-41,525646191941746;5,25646E+14;17;19208
;;;;;
1186;-97;-97,81029046762225;8,1029E+13;8;19216
;;;;;
1187;-83;-83,74861470797288;7,48615E+13;12;19228
;;;;;
1188;-41;-41,65329529740154;6,53295E+13;17;19245
;;;;;
1189;-121;-121,17915798173291;1,79158E+13;16;19261
;;;;;
1190;-141;-141,39004952547924;3,9005E+13;16;19277
;;;;;
1191;-83;-83,19187990444715;1,9188E+13;21;19298
;;;;;
1192;-60;-60,6547185823558;6,54719E+12;15;19313
;;;;;
1193;-81;-81,26609118530149;2,66091E+13;19;19332
;;;;;
1194;429;429,4214326807471;4,21433E+12;50;19382
;;;;;
1195;-41;-41,6179628986641;6,17963E+12;17;19399
;;;;;
1196;-97;-97,22575429562525;2,25754E+13;13;19412
;;;;;
1197;3006;3006,9139698429394;9,1397E+12;198;19610
;;;;;
1198;-94;-94,9764462603616;9,76446E+12;12;19622
;;;;;
1199;-96;-96,91663845769315;9,16638E+13;11;19633
;;;;;
1200;-97;-97,6637191044152;6,63719E+12;13;19646
;;;;;
1201;-5961;-5961,411987119715;4,11987E+11;146;19792
;;;;;
1202;-41;-41,70797400745968;7,07974E+13;17;19809
;;;;;
1203;-36;-36,576333199500084;5,76333E+14;17;19826
;;;;;
1204;-73;-73,70855168971667;7,08552E+13;19;19845
;;;;;
1205;-137;-137,21959624949548;2,19596E+13;24;19869
;;;;;
1206;-41;-41,67723707762019;6,77237E+13;17;19886
;;;;;
1207;-92;-92,44501732590965;4,45017E+13;9;19895
;;;;;
1208;-42;-42,140416349333634;1,40416E+14;15;19910
;;;;;
1209;-41;-41,58388572321823;5,83886E+13;17;19927
;;;;;
1210;-41;-41,646890908376776;6,46891E+14;17;19944
;;;;;
1211;-47;-47,845929822161395;8,4593E+14;19;19963
;;;;;
1212;-126;-126,2477290564707;2,47729E+12;13;19976
;;;;;
1213;-95;-95,51861614150772;5,18616E+13;10;19986
;;;;;
1214;-88;-88,66332593256243;6,63326E+13;11;19997
;;;;;
1215;-41;-41,63669601697299;6,36696E+13;15;20012
;;;;;
1216;-22;-22,420546651743763;4,20547E+14;17;20029
;;;;;
1217;-41;-41,66587114084726;6,65871E+13;17;20046
;;;;;
1218;-120;-120,2475735041514;2,47574E+12;14;20060
;;;;;
1219;-62;-62,38347557561025;3,83476E+13;20;20080
;;;;;
1220;-41;-41,53700135676581;5,37001E+13;17;20097
;;;;;
1221;-96;-96,53916614336873;5,39166E+13;14;20111
;;;;;
1222;-92;-92,10711008126452;1,0711E+13;10;20121
;;;;;
1223;-36;-36,59714828362445;5,97148E+13;17;20138
;;;;;
1224;-108;-108,5534518868103;5,53452E+12;19;20157
;;;;;
1225;-53;-53,47571137704378;4,75711E+13;17;20174
;;;;;
1226;-119;-119,3830967225168;3,83097E+12;13;20187
;;;;;
1227;-86;-86,23210102580103;2,32101E+13;12;20199
;;;;;
1228;-30;-30,587994776613527;5,87995E+14;19;20218
;;;;;
1229;-115;-115,26137088064138;2,61371E+13;13;20231
;;;;;
1230;-40;-40,783728420404;7,83728E+11;17;20248
;;;;;
1231;-94;-94,19201085940901;1,92011E+13;13;20261
;;;;;
1232;-7174;-7174,900448881032;9,00449E+11;238;20499
;;;;;
1233;-170;-170,29665355197687;2,96654E+13;25;20524
;;;;;
1234;-41;-41,681612292762026;6,81612E+14;17;20541
;;;;;
1235;-60;-60,322960581298275;3,22961E+14;19;20560
;;;;;
1236;-6589;-6589,6584774595385;6,58477E+12;214;20774
;;;;;
1237;288;288,5213196919465;5,2132E+12;166;20940
;;;;;
1238;-37;-37,91975338507075;9,19753E+13;19;20959
;;;;;
1239;-81;-81,367247021019;3,67247E+11;14;20973
;;;;;
1240;-28;-28,600925229570663;6,00925E+14;23;20996
;;;;;
1241;2103;2103,989165271895;9,89165E+11;129;21125
;;;;;
1242;1066;1066,1198114463737;1,19811E+12;206;21331
;;;;;
1243;-100;-100,3342891250057;3,34289E+12;19;21350
;;;;;
1244;-78;-78,60873990683072;6,0874E+13;12;21362
;;;;;
1245;-41;-41,62381949311765;6,23819E+13;17;21379
;;;;;
1246;-101;-101,70580943926313;7,05809E+13;12;21391
;;;;;
1247;-99;-99,22609688887232;2,26097E+13;19;21410
;;;;;
1248;-58;-58,76009691040079;7,60097E+13;20;21430
;;;;;
1249;-143;-143,19829413469046;1,98294E+13;23;21453
;;;;;
1250;-97;-97,62209703780508;6,22097E+13;11;21464
;;;;;
1251;-64;-64,8825502233526;8,8255E+12;17;21481
;;;;;
1252;2062;2062,1847677945148;1,84768E+12;79;21560
;;;;;
1253;1790;1790,291784955494;2,91785E+11;50;21610
;;;;;
1254;-64;-64,5933009024054;5,93301E+12;17;21627
;;;;;
1255;-65;-65,19555432598887;1,95554E+13;19;21646
;;;;;
1256;2223;2223,2383443734516;2,38344E+12;140;21786
;;;;;
1257;-96;-96,40257284434298;4,02573E+13;15;21801
;;;;;
1258;-88;-88,22059746626692;2,20597E+13;10;21811
;;;;;
1259;-64;-64,23429827841036;2,34298E+13;17;21828
;;;;;
1260;-63;-63,92309052203123;9,23091E+13;17;21845
;;;;;
1261;912;912,2714642128225;2,71464E+12;47;21892
;;;;;
1262;-59;-59,93612047438512;9,3612E+13;19;21911
;;;;;
1263;-60;-60,1123787136826;1,12379E+12;19;21930
;;;;;
1264;-97;-97,5865179010002;5,86518E+12;11;21941
;;;;;
1265;-54;-54,15974264370669;1,59743E+13;18;21959
;;;;;
1266;-2481;-2481,90638930756;90638930756;217;22176
;;;;;
1267;934;934,7453299861029;7,4533E+12;58;22234
;;;;;
1268;-100;-100,78719891097492;7,87199E+13;23;22257
;;;;;
1269;-99;-99,59024434539532;5,90244E+13;10;22267
;;;;;
1270;-180;-180,1902929247489;1,90293E+12;41;22308
;;;;;
1271;-41;-41,65677184113798;6,56772E+13;17;22325
;;;;;
1272;919;919,1881840747145;1,88184E+12;57;22382
;;;;;
1273;-43;-43,91278168510618;9,12782E+13;20;22402
;;;;;
1274;383;383,44363240036716;4,43632E+13;67;22469
;;;;;
1275;-79;-79,36366138497254;3,63661E+13;20;22489
;;;;;
1276;-41;-41,58015810232493;5,80158E+13;17;22506
;;;;;
1277;1280;1280,1749913331105;1,74991E+12;43;22549
;;;;;
1278;1131;1131,1571307608647;1,57131E+12;45;22594
;;;;;
1279;1732;1732,1429653422083;1,42965E+12;48;22642
;;;;;
1280;1457;1457,3972515908142;3,97252E+12;47;22689
;;;;;
1281;-133;-133,17937521466212;1,79375E+13;19;22708
;;;;;
1282;660;660,7638950203138;7,63895E+12;61;22769
;;;;;
1283;2305;2305,8919779462904;8,91978E+12;168;22937
;;;;;
1284;3734;3734,2763549199835;2,76355E+12;104;23041
;;;;;
1285;1688;1688,7164364144728;7,16436E+12;45;23086
;;;;;
1286;-142;-142,7223011613328;7,22301E+12;21;23107
;;;;;
1287;-131;-131,96514102814808;9,65141E+13;16;23123
;;;;;
1288;3531;3531,4264264276653;4,26426E+12;121;23244
;;;;;
1289;1018;1018,564901655242;5,64902E+11;42;23286
;;;;;
1290;1291;1291,4813641886815;4,81364E+12;192;23478
;;;;;
1291;3319;3319,287860096648;2,8786E+11;76;23554
;;;;;
1292;3355;3355,2254954640825;2,25495E+12;103;23657
;;;;;
1293;1365;1365,159387797503;1,59388E+11;41;23698
;;;;;
1294;1424;1424,7920826831717;7,92083E+12;42;23740
;;;;;
1295;2199;2199,6008883490545;6,00888E+12;52;23792
;;;;;
1296;-474;-474,89262169744086;8,92622E+13;36;23828
;;;;;
1297;1991;1991,9273179901038;9,27318E+12;51;23879
;;;;;
1298;-163;-163,62691956569424;6,2692E+13;24;23903
;;;;;
1299;1380;1380,9117580843606;9,11758E+12;44;23947
;;;;;
1300;1104;1104,1564294951581;1,56429E+12;48;23995
;;;;;
1301;4486;4486,456412019978;4,56412E+11;81;24076
;;;;;
1302;3379;3379,3937439721526;3,93744E+12;71;24147
;;;;;
1303;5031;5031,363016966026;3,63017E+11;93;24240
;;;;;
1304;-294;-294,48408302856365;4,84083E+13;34;24274
;;;;;
1305;3424;3424,481098601701;4,81099E+11;81;24355
;;;;;
1306;4870;4870,8509972402935;8,50997E+12;99;24454
;;;;;
1307;3418;3418,7734038917793;7,73404E+12;67;24521
;;;;;
1308;5103;5103,686206285078;6,86206E+11;95;24616
;;;;;
1309;1277;1277,6817683289664;6,81768E+12;39;24655
;;;;;
1310;3976;3976,4091169972453;4,09117E+12;156;24811
;;;;;
1311;1429;1429,3133997622604;3,134E+12;47;24858
;;;;;
1312;-110;-110,75488991387616;7,5489E+13;15;24873
;;;;;
1313;6523;6523,383458285814;3,83458E+11;119;24992
;;;;;
1314;2176;2176,493631908881;4,93632E+11;58;25050
;;;;;
1315;3580;3580,2741742910225;2,74174E+12;134;25184
;;;;;
1316;3051;3051,8621460131303;8,62146E+12;74;25258
;;;;;
1317;5604;5604,77590492188;77590492188;157;25415
;;;;;
1318;5170;5170,973699721688;9,737E+11;107;25522
;;;;;
1319;3474;3474,379954460289;3,79954E+11;77;25599
;;;;;
1320;2032;2032,5348759458464;5,34876E+12;169;25768
;;;;;
1321;5191;5191,478631349184;4,78631E+11;98;25866
;;;;;
1322;-3117;-3117,491378187472;4,91378E+11;227;26093
;;;;;
1323;-98;-98,79757328623265;7,97573E+13;14;26107
;;;;;
1324;4316;4316,952681425073;9,52681E+11;95;26202
;;;;;
1325;-1142;-1142,8601442880156;8,60144E+12;249;26451
;;;;;
1326;4634;4634,371688174531;3,71688E+11;164;26615
;;;;;
1327;5433;5433,2938413596385;2,93841E+12;128;26743
;;;;;
1328;744;744,2519694648826;2,51969E+12;240;26983
;;;;;
1329;2002;2002,33659521177;33659521177;198;27181
;;;;;
1330;-4810;-4810,179309220421;1,79309E+11;244;27425
;;;;;
1331;-11256;-11256,306426903715;3,06427E+11;253;27678
;;;;;
1332;2450;2450,6990236027286;6,99024E+12;130;27808
;;;;;
1333;722;722,5940920420295;5,94092E+12;210;28018
;;;;;
1334;3164;3164,277737973466;2,77738E+11;91;28109
;;;;;
1335;988;988,7083685927056;7,08369E+12;111;28220
;;;;;
1336;-3079;-3079,978140156206;9,7814E+11;156;28376
;;;;;
1337;2356;2356,794164626897;7,94165E+11;85;28461
;;;;;
1338;5034;5034,648670306927;6,4867E+11;119;28580
;;;;;
1339;4403;4403,99155462665;99155462665;190;28770
;;;;;
1340;4315;4315,429024608364;4,29025E+11;129;28899
;;;;;
1341;5006;5006,4847029184075;4,84703E+12;130;29029
;;;;;
1342;4758;4758,4749675413805;4,74968E+12;163;29192
;;;;;
1343;4806;4806,16603344541;16603344541;136;29328
;;;;;
1344;3075;3075,133319907245;1,3332E+11;100;29428
;;;;;
1345;43;43,29390289573962;2,93903E+13;29;29457
;;;;;
1346;4766;4766,166325588189;1,66326E+11;181;29638
;;;;;
1347;4674;4674,720675831138;7,20676E+11;182;29820
;;;;;
1348;-2446;-2446,583557842702;5,83558E+11;223;30043
;;;;;
1349;-3452;-3452,737129157807;7,37129E+11;183;30226
;;;;;
1350;-1939;-1939,9569833763924;9,56983E+12;226;30452
;;;;;
1351;-4388;-4388,754588644905;7,54589E+11;242;30694
;;;;;
1352;3435;3435,2581263202087;2,58126E+12;123;30817
;;;;;
1353;2285;2285,23272300423;23272300423;167;30984
;;;;;
1354;1471;1471,9414158811537;9,41416E+12;175;31159
;;;;;
1355;3452;3452,314242862094;3,14243E+11;102;31261
;;;;;
1356;-7934;-7934,197978057372;1,97978E+11;249;31510
;;;;;
1357;3008;3008,1592684260113;1,59268E+12;213;31723
;;;;;
1358;3343;3343,6278351964693;6,27835E+12;114;31837
;;;;;
1359;3584;3584,7996430118437;7,99643E+12;117;31954
;;;;;
1360;-1374;-1374,882463616449;8,82464E+11;68;32022
;;;;;
1361;-8186;-8186,320820884261;3,20821E+11;241;32263
;;;;;
1362;-2451;-2451,225888034617;2,25888E+11;251;32514
;;;;;
1363;-3761;-3761,8590394072303;8,59039E+12;250;32764
;;;;;
1364;2661;2661,189346768819;1,89347E+11;79;32843
;;;;;
1365;-1266;-1266,6644250501563;6,64425E+12;250;33093
;;;;;
1366;3455;3455,915797407331;9,15797E+11;185;33278
;;;;;
1367;-1161;-1161,9854796753139;9,8548E+12;241;33519
;;;;;
1368;-160;-160,62436995505135;6,2437E+13;18;33537
;;;;;
1369;3281;3281,9766205504925;9,76621E+12;161;33698
;;;;;
1370;-7040;-7040,947937102555;9,47937E+11;188;33886
;;;;;
1371;3694;3694,6894554597966;6,89455E+12;185;34071
;;;;;
1372;644;644,9529376309081;9,52938E+12;214;34285
;;;;;
1373;409;409,4963614503805;4,96361E+12;251;34536
;;;;;
1374;2974;2974,1764590750813;1,76459E+12;194;34730
;;;;;
1375;-5388;-5388,769550235458;7,6955E+11;115;34845
;;;;;
1376;4931;4931,68162741668;68162741668;168;35013
;;;;;
1377;-249;-249,91788181082285;9,17882E+13;23;35036
;;;;;
1378;-8726;-8726,55395548937;55395548937;252;35288
;;;;;
1379;-3315;-3315,653588514813;6,53589E+11;166;35454
;;;;;
1380;-1491;-1491,6352599103652;6,3526E+12;175;35629
;;;;;
1381;-6067;-6067,737527523422;7,37528E+11;186;35815
;;;;;
1382;-4564;-4564,45900809279;45900809279;104;35919
;;;;;
1383;-2026;-2026,332763078874;3,32763E+11;74;35993
;;;;;
1384;-3060;-3060,9821387954485;9,82139E+12;85;36078
;;;;;
1385;1840;1840,1798217180353;1,79822E+12;135;36213
;;;;;
1386;-5404;-5404,327578101971;3,27578E+11;113;36326
;;;;;
1387;-649;-649,6703514205667;6,70351E+12;41;36367
;;;;;
1388;-11713;-11713,554392121765;5,54392E+11;242;36609
;;;;;
1389;3416;3416,2086102876;2086102876;86;36695
;;;;;
1390;-1374;-1374,5257117259487;5,25712E+12;248;36943
;;;;;
1391;-2900;-2900,3028628647107;3,02863E+12;84;37027
;;;;;
1392;1558;1558,601769866344;6,0177E+11;124;37151
;;;;;
1393;-1627;-1627,4595499842567;4,5955E+12;68;37219
;;;;;
1394;-4895;-4895,354010119016;3,5401E+11;107;37326
;;;;;
1395;-1763;-1763,5963686633388;5,96369E+12;67;37393
;;;;;
1396;-1432;-1432,2371751756207;2,37175E+12;63;37456
;;;;;
1397;4374;4374,380758168458;3,80758E+11;108;37564
;;;;;
1398;181;181,407626043918;4,07626E+11;121;37685
;;;;;
1399;6655;6655,806483133644;8,06483E+11;172;37857
;;;;;
1400;-1366;-1366,7111600434446;7,1116E+12;57;37914
;;;;;
1401;-804;-804,870470626004;8,70471E+11;50;37964
;;;;;
1402;5562;5562,716861653688;7,16862E+11;118;38082
;;;;;
1403;-5142;-5142,160574558674;1,60575E+11;114;38196
;;;;;
1404;-848;-848,17484772627;17484772627;49;38245
;;;;;
1405;-297;-297,1256733702256;1,25673E+12;27;38272
;;;;;
1406;-1999;-1999,7839287765084;7,83929E+12;69;38341
;;;;;
1407;-1614;-1614,764803595805;7,64804E+11;66;38407
;;;;;
1408;-1117;-1117,812248593754;8,12249E+11;57;38464
;;;;;
1409;5346;5346,374839692613;3,7484E+11;194;38658
;;;;;
1410;3453;3453,57568329084;57568329084;199;38857
;;;;;
1411;658;658,190772353325;1,90772E+11;198;39055
;;;;;
1412;2309;2309,36291591069;36291591069;124;39179
;;;;;
1413;-4721;-4721,1447306234195;1,44731E+12;169;39348
;;;;;
1414;1631;1631,1266727614798;1,26673E+12;114;39462
;;;;;
1415;4932;4932,175795234183;1,75795E+11;164;39626
;;;;;
1416;3209;3209,488935114304;4,88935E+11;88;39714
;;;;;
1417;6412;6412,831791394947;8,31791E+11;144;39858
;;;;;
1418;3285;3285,1057567361804;1,05757E+12;98;39956
;;;;;
1419;5851;5851,544949115699;5,44949E+11;190;40146
;;;;;
1420;2496;2496,4521306849765;4,52131E+12;67;40213
;;;;;
1421;-97;-97,24076981983;24076981983;16;40229
;;;;;
1422;5503;5503,7963785732745;7,96379E+12;147;40376
;;;;;
1423;-3336;-3336,303495816701;3,03496E+11;86;40462
;;;;;
1424;-676;-676,6914492489121;6,91449E+12;40;40502
;;;;;
1425;-3202;-3202,740894437326;7,40894E+11;84;40586
;;;;;
1426;-5554;-5554,795971315958;7,95971E+11;108;40694
;;;;;
1427;-246;-246,739444706363;7,39445E+11;25;40719
;;;;;
1428;-6232;-6232,324747730143;3,24748E+11;255;40974
;;;;;
1429;-5440;-5440,825601897677;8,25602E+11;114;41088
;;;;;
1430;4102;4102,385239504423;3,8524E+11;93;41181
;;;;;
1431;6385;6385,6984513692;6984513692;162;41343
;;;;;
1432;-2636;-2636,124419906697;1,2442E+11;79;41422
;;;;;
1433;6897;6897,941432956177;9,41433E+11;126;41548
;;;;;
1434;3981;3981,248729786524;2,4873E+11;84;41632
;;;;;
1435;161;161,55585261549103;5,55853E+13;146;41778
;;;;;
1436;5098;5098,623908225547;6,23908E+11;209;41987
;;;;;
1437;1347;1347,9753336781255;9,75334E+12;182;42169
;;;;;
1438;1592;1592,8245011714687;8,24501E+12;250;42419
;;;;;
1439;755;755,274075672295;2,74076E+11;120;42539
;;;;;
1440;5986;5986,730829629789;7,3083E+11;123;42662
;;;;;
1441;6622;6622,254386254438;2,54386E+11;167;42829
;;;;;
1442;6831;6831,753699710225;7,537E+11;153;42982
;;;;;
1443;1129;1129,7659922927405;7,65992E+12;252;43234
;;;;;
1444;-188;-188,448188097402;4,48188E+11;254;43488
;;;;;
1445;5448;5448,331259159803;3,31259E+11;196;43684
;;;;;
1446;4614;4614,44073142909;44073142909;134;43818
;;;;;
1447;6249;6249,192015415785;1,92015E+11;124;43942
;;;;;
1448;1320;1320,4380514274844;4,38051E+12;252;44194
;;;;;
1449;-3720;-3720,7776080920003;7,77608E+12;251;44445
;;;;;
1450;3771;3771,9450541939636;9,45054E+12;85;44530
;;;;;
1451;4167;4167,592141207264;5,92141E+11;220;44750
;;;;;
1452;5901;5901,568477483831;5,68477E+11;183;44933
;;;;;
1453;1128;1128,1143126040797;1,14313E+12;244;45177
;;;;;
1454;2684;2684,311037869608;3,11038E+11;116;45293
;;;;;
1455;-1768;-1768,33557206069;33557206069;206;45499
;;;;;
1456;-271;-271,88463827055455;8,84638E+13;230;45729
;;;;;
1457;4701;4701,929962878181;9,29963E+11;187;45916
;;;;;
1458;5043;5043,468538879876;4,68539E+11;111;46027
;;;;;
1459;4142;4142,165949879271;1,6595E+11;99;46126
;;;;;
1460;2671;2671,2942128931422;2,94213E+12;219;46345
;;;;;
1461;2540;2540,852200871086;8,52201E+11;248;46593
;;;;;
1462;-6020;-6020,537206443587;5,37206E+11;244;46837
;;;;;
1463;4471;4471,102366600364;1,02367E+11;125;46962
;;;;;
1464;2682;2682,9794867531245;9,79487E+12;136;47098
;;;;;
1465;3414;3414,8278240601917;8,27824E+12;209;47307
;;;;;
1466;2897;2897,626571259593;6,26571E+11;181;47488
;;;;;
1467;-500;-500,10268617843553;1,02686E+13;170;47658
;;;;;
1468;4626;4626,936416448114;9,36416E+11;187;47845
;;;;;
1469;-4505;-4505,148029996007;1,4803E+11;249;48094
;;;;;
1470;-5135;-5135,857564838263;8,57565E+11;250;48344
;;;;;
1471;-1143;-1143,624979283532;6,24979E+11;253;48597
;;;;;
1472;-6291;-6291,380284860221;3,80285E+11;249;48846
;;;;;
1473;-6132;-6132,54149047401;54149047401;254;49100
;;;;;
1474;-1563;-1563,4200670385076;4,20067E+12;224;49324
;;;;;
1475;-9436;-9436,1346802718;1346802718;232;49556
;;;;;
1476;5330;5330,381303331611;3,81303E+11;182;49738
;;;;;
1477;-5798;-5798,913044891588;9,13045E+11;129;49867
;;;;;
1478;2292;2292,1723455552838;1,72346E+12;134;50001
;;;;;
1479;5259;5259,87286926723;87286926723;204;50205
;;;;;
1480;4569;4569,225367551528;2,25368E+11;199;50404
;;;;;
1481;3636;3636,9643476752867;9,64348E+12;111;50515
;;;;;
1482;254;254,99574302434095;9,95743E+13;192;50707
;;;;;
1483;1665;1665,456986465178;4,56986E+11;149;50856
;;;;;
1484;6170;6170,117702290811;1,17702E+11;182;51038
;;;;;
1485;-283;-283,1460100089975;1,4601E+12;193;51231
;;;;;
1486;3676;3676,976426729284;9,76427E+11;101;51332
;;;;;
1487;5994;5994,139000564801;1,39001E+11;169;51501
;;;;;
1488;1697;1697,2696904872278;2,6969E+12;53;51554
;;;;;
1489;5158;5158,507391014555;5,07391E+11;96;51650
;;;;;
1490;5677;5677,57720790871;57720790871;177;51827
;;;;;
1491;430;430,96060660016;96060660016;254;52081
;;;;;
1492;2113;2113,396066577144;3,96067E+11;255;52336
;;;;;
1493;-145;-145,8489985441089;8,48999E+12;24;52360
;;;;;
1494;4789;4789,4642259864;4642259864;198;52558
;;;;;
1495;6740;6740,786702111495;7,86702E+11;143;52701
;;;;;
1496;5511;5511,939831226935;9,39831E+11;111;52812
;;;;;
1497;3542;3542,3861558392055;3,86156E+12;97;52909
;;;;;
1498;-7391;-7391,699458223624;6,99458E+11;178;53087
;;;;;
1499;-1163;-1163,455166365516;4,55166E+11;249;53336
;;;;;
1500;-8521;-8521,20075618351;20075618351;229;53565
;;;;;
1501;4653;4653,179054627709;1,79055E+11;144;53709
;;;;;
1502;854;854,31694739905;31694739905;253;53962
;;;;;
1503;-6733;-6733,158134167877;1,58134E+11;233;54195
;;;;;
1504;-8991;-8991,549577108519;5,49577E+11;256;54451
;;;;;
1505;-142;-142,72663558181085;7,26636E+13;14;54465
;;;;;
1506;1381;1381,3197918418214;3,19792E+12;69;54534
;;;;;
1507;-1001;-1001,662081786683;6,62082E+11;254;54788
;;;;;
1508;-4741;-4741,19214408134;19214408134;211;54999
;;;;;
1509;-683;-683,3656925210216;3,65693E+12;44;55043
;;;;;
1510;1701;1701,6234985099434;6,23499E+12;173;55216
;;;;;
1511;3870;3870,891614185682;8,91614E+11;134;55350
;;;;;
1512;-7243;-7243,495132828989;4,95133E+11;255;55605
;;;;;
1513;1526;1526,6429002664802;6,429E+12;197;55802
;;;;;
1514;-872;-872,4583207948936;4,58321E+12;255;56057
;;;;;
1515;51;51,521388849316395;5,21389E+14;145;56202
;;;;;
1516;-249;-249,83040095358788;8,30401E+13;29;56231
;;;;;
1517;1053;1053,6531233691057;6,53123E+12;238;56469
;;;;;
1518;-10988;-10988,78423766119;78423766119;253;56722
;;;;;
1519;2144;2144,2534137005923;2,53414E+12;230;56952
;;;;;
1520;1937;1937,4556663710148;4,55666E+12;70;57022
;;;;;
1521;-972;-972,6156992867418;6,15699E+12;192;57214
;;;;;
1522;-2546;-2546,5544927896162;5,54493E+12;78;57292
;;;;;
1523;6652;6652,116308360337;1,16308E+11;131;57423
;;;;;
1524;4661;4661,259810905343;2,59811E+11;100;57523
;;;;;
1525;-169;-169,3084176341791;3,08418E+12;16;57539
;;;;;
1526;-1511;-1511,236555179057;2,36555E+11;61;57600
;;;;;
1527;1099;1099,293137218362;2,93137E+11;165;57765
;;;;;
1528;-124;-124,73028086665852;7,30281E+13;17;57782
;;;;;
1529;5008;5008,80403877022;80403877022;115;57897
;;;;;
1530;5131;5131,89351351778;89351351778;139;58036
;;;;;
1531;-136;-136,52299455470754;5,22995E+13;14;58050
;;;;;
1532;-3520;-3520,759604274862;7,59604E+11;245;58295
;;;;;
1533;5059;5059,698608441415;6,98608E+11;107;58402
;;;;;
1534;1171;1171,302637583969;3,02638E+11;254;58656
;;;;;
1535;-2115;-2115,3979433507743;3,97943E+12;235;58891
;;;;;
1536;6600;6600,397720006826;3,9772E+11;124;59015
;;;;;
1537;4317;4317,37166554753;37166554753;96;59111
;;;;;
1538;4838;4838,486182906664;4,86183E+11;89;59200
;;;;;
1539;3939;3939,7794011989263;7,79401E+12;97;59297
;;;;;
1540;-300;-300,959696456808;9,59696E+11;25;59322
;;;;;
1541;4450;4450,30850079857;30850079857;172;59494
;;;;;
1542;5662;5662,249125265296;2,49125E+11;119;59613
;;;;;
1543;-3664;-3664,7994113135296;7,99411E+12;202;59815
;;;;;
1544;1669;1669,5309127732958;5,30913E+12;252;60067
;;;;;
1545;5582;5582,712714460136;7,12714E+11;147;60214
;;;;;
1546;1072;1072,2749376134293;2,74938E+12;81;60295
;;;;;
1547;5233;5233,996017865024;9,96018E+11;139;60434
;;;;;
1548;-3812;-3812,932453519055;9,32454E+11;248;60682
;;;;;
1549;-896;-896,9965665656347;9,96567E+12;45;60727
;;;;;
1550;-1641;-1641,9929697980483;9,9297E+12;223;60950
;;;;;
1551;4227;4227,13935622087;13935622087;92;61042
;;;;;
1552;2916;2916,615596110325;6,15596E+11;224;61266
;;;;;
1553;1182;1182,676611112304;6,76611E+11;249;61515
;;;;;
1554;4402;4402,48894113024;48894113024;116;61631
;;;;;
1555;-5050;-5050,0;0;100;61731
;;;;;
1556;3716;3716,185670926869;1,85671E+11;87;61818
;;;;;
1557;795;795,7529354135913;7,52935E+12;245;62063
;;;;;
1558;6486;6486,627970220938;6,2797E+11;122;62185
;;;;;
1559;3666;3666,4860399246327;4,8604E+12;78;62263
;;;;;
1560;3512;3512,836937648976;8,36938E+11;166;62429
;;;;;
1561;1534;1534,3484812916802;3,48481E+12;248;62677
;;;;;
1562;4010;4010,1307107555012;1,30711E+12;90;62767
;;;;;
1563;2875;2875,3633761302017;3,63376E+12;202;62969
;;;;;
1564;4089;4089,2119133965693;2,11913E+12;85;63054
;;;;;
1565;4538;4538,412489788944;4,1249E+11;104;63158
;;;;;
1566;4156;4156,4271411118225;4,27141E+12;101;63259
;;;;;
1567;3024;3024,706224305108;7,06224E+11;121;63380
;;;;;
1568;4035;4035,750820453173;7,5082E+11;163;63543
;;;;;
1569;4434;4434,348740825565;3,48741E+11;106;63649
;;;;;
1570;-107;-107,6695401514173;6,6954E+12;14;63663
;;;;;
1571;-342;-342,5155713724571;5,15571E+12;37;63700
;;;;;
1572;-2910;-2910,741802628792;7,41803E+11;226;63926
;;;;;
1573;2187;2187,1740347139084;1,74035E+12;203;64129
;;;;;
1574;-3454;-3454,2090688277945;2,09069E+12;239;64368
;;;;;
1575;-540;-540,6510339752396;6,51034E+12;214;64582
;;;;;
1576;-5001;-5001,277744689057;2,77745E+11;107;64689
;;;;;
1577;2129;2129,9626863680223;9,62686E+12;236;64925
;;;;;
1578;-2484;-2484,4974860094876;4,97486E+12;232;65157
;;;;;
1579;2781;2781,6544259479124;6,54426E+12;157;65314
;;;;;
1580;1933;1933,7524320196103;7,52432E+12;192;65506
;;;;;
1581;1037;1037,761101963245;7,61102E+11;210;65716
;;;;;
1582;-157;-157,88788954427167;8,8789E+13;19;65735
;;;;;
1583;2633;2633,133704539362;1,33705E+11;68;65803
;;;;;
1584;3633;3633,8539143684584;8,53914E+12;73;65876
;;;;;
1585;4210;4210,678236709293;6,78237E+11;127;66003
;;;;;
1586;4369;4369,983693759102;9,83694E+11;154;66157
;;;;;
1587;-2562;-2562,357301826886;3,57302E+11;75;66232
;;;;;
1588;2101;2101,7638520916535;7,63852E+12;76;66308
;;;;;
1589;-611;-611,7742784704906;7,74278E+12;199;66507
;;;;;
1590;2759;2759,8769803928976;8,7698E+12;77;66584
;;;;;
1591;-497;-497,89229230373917;8,92292E+13;46;66630
;;;;;
1592;3199;3199,367310299308;3,6731E+11;93;66723
;;;;;
1593;4585;4585,773609220672;7,73609E+11;151;66874
;;;;;
1594;4571;4571,473208265521;4,73208E+11;114;66988
;;;;;
1595;-6551;-6551,485139990156;4,8514E+11;216;67204
;;;;;
1596;-570;-570,1006765956674;1,00677E+12;46;67250
;;;;;
1597;-2061;-2061,555269547094;5,5527E+11;250;67500
;;;;;
1598;4543;4543,934884056888;9,34884E+11;94;67594
;;;;;
1599;3577;3577,7211350664697;7,21135E+12;171;67765
;;;;;
1600;-1877;-1877,8763259593345;8,76326E+12;217;67982
;;;;;
1601;3513;3513,7955752942985;7,95575E+12;74;68056
;;;;;
1602;-1995;-1995,823939021485;8,23939E+11;219;68275
;;;;;
1603;-5198;-5198,740080762676;7,40081E+11;115;68390
;;;;;
1604;3280;3280,2195237875067;2,19524E+12;171;68561
;;;;;
1605;2240;2240,852484022303;8,52484E+11;56;68617
;;;;;
1606;4890;4890,824092819797;8,24093E+11;105;68722
;;;;;
1607;5837;5837,896665584591;8,96666E+11;114;68836
;;;;;
1608;4755;4755,529622471625;5,29622E+11;126;68962
;;;;;
1609;2580;2580,125202413666;1,25202E+11;60;69022
;;;;;
1610;-1155;-1155,4651864723337;4,65186E+12;209;69231
;;;;;
1611;366;366,1746983907092;1,74698E+12;208;69439
;;;;;
1612;-817;-817,8636427799556;8,63643E+12;203;69642
;;;;;
1613;4367;4367,501823957132;5,01824E+11;132;69774
;;;;;
1614;-122;-122,39450593463036;3,94506E+13;201;69975
;;;;;
1615;3924;3924,5548070945974;5,54807E+12;125;70100
;;;;;
1616;2478;2478,7453725928317;7,45373E+12;64;70164
;;;;;
1617;-2426;-2426,5444568410576;5,44457E+12;212;70376
;;;;;
1618;5202;5202,224708365294;2,24708E+11;90;70466
;;;;;
1619;3291;3291,3654675120847;3,65468E+12;139;70605
;;;;;
1620;-1613;-1613,4944070659453;4,94407E+12;210;70815
;;;;;
1621;3921;3921,5637635160024;5,63764E+12;79;70894
;;;;;
1622;3600;3600,5970539139294;5,97054E+12;136;71030
;;;;;
1623;2715;2715,8753258887336;8,75326E+12;162;71192
;;;;;
1624;-2359;-2359,6004805502907;6,00481E+12;217;71409
;;;;;
1625;2388;2388,752319952644;7,5232E+11;59;71468
;;;;;
1626;3833;3833,7407995814774;7,408E+12;130;71598
;;;;;
1627;-1431;-1431,7070384644014;7,07038E+12;186;71784
;;;;;
1628;4282;4282,630003928013;6,30004E+11;112;71896
;;;;;
1629;4986;4986,615238308223;6,15238E+11;162;72058
;;;;;
1630;-712;-712,5721324502362;5,72132E+12;228;72286
;;;;;
1631;4191;4191,9772560065;9772560065;144;72430
;;;;;
1632;-714;-714,4293656136117;4,29366E+12;205;72635
;;;;;
1633;5858;5858,43409743231;43409743231;143;72778
;;;;;
1634;-4252;-4252,457589655093;4,5759E+11;252;73030
;;;;;
1635;3246;3246,129559413507;1,29559E+11;83;73113
;;;;;
1636;5556;5556,721508775733;7,21509E+11;122;73235
;;;;;
1637;898;898,285479138;285479138;210;73445
;;;;;
1638;3671;3671,5068508978297;5,06851E+12;89;73534
;;;;;
1639;-1334;-1334,1681334018715;1,68133E+12;255;73789
;;;;;
1640;4220;4220,655613666046;6,55614E+11;94;73883
;;;;;
1641;7017;7017,421725835139;4,21726E+11;141;74024
;;;;;
1642;3013;3013,561615081219;5,61615E+11;115;74139
;;;;;
1643;-2211;-2211,724827427684;7,24827E+11;217;74356
;;;;;
1644;-2921;-2921,6930096275146;6,9301E+12;87;74443
;;;;;
1645;3804;3804,541202815288;5,41203E+11;205;74648
;;;;;
1646;1546;1546,8547932389997;8,54793E+12;180;74828
;;;;;
1647;225;225,97504396175339;9,75044E+13;210;75038
;;;;;
1648;4357;4357,612284603383;6,12285E+11;128;75166
;;;;;
1649;6220;6220,378801859721;3,78802E+11;137;75303
;;;;;
1650;6528;6528,69721441865;69721441865;119;75422
;;;;;
1651;532;532,7645600675065;7,6456E+12;196;75618
;;;;;
1652;317;317,59544265869636;5,95443E+13;221;75839
;;;;;
1653;-1710;-1710,3256431794014;3,25643E+12;204;76043
;;;;;
1654;2644;2644,382651693569;3,82652E+11;63;76106
;;;;;
1655;2998;2998,431018561289;4,31019E+11;170;76276
;;;;;
1656;545;545,1213949380267;1,21395E+12;213;76489
;;;;;
1657;1030;1030,7002933710492;7,00293E+12;250;76739
;;;;;
1658;2472;2472,1916534083107;1,91653E+12;62;76801
;;;;;
1659;4555;4555,116486418846;1,16486E+11;106;76907
;;;;;
1660;2331;2331,510037420782;5,10037E+11;93;77000
;;;;;
1661;2391;2391,1282966155113;1,28297E+12;63;77063
;;;;;
1662;3581;3581,8843475278663;8,84348E+12;106;77169
;;;;;
1663;4348;4348,323349147742;3,23349E+11;212;77381
;;;;;
1664;3875;3875,8301785592726;8,30179E+12;137;77518
;;;;;
1665;-10006;-10006,648854861824;6,48855E+11;197;77715
;;;;;
1666;5858;5858,246445361493;2,46445E+11;128;77843
;;;;;
1667;1698;1698,9778975108159;9,77898E+12;245;78088
;;;;;
1668;-7093;-7093,593560667094;5,93561E+11;255;78343
;;;;;
1669;3886;3886,5895579544062;5,89558E+12;92;78435
;;;;;
1670;-2701;-2701,4448092350776;4,44809E+12;229;78664
;;;;;
1671;4048;4048,342227979518;3,42228E+11;115;78779
;;;;;
1672;-436;-436,7942678773197;7,94268E+12;226;79005
;;;;;
1673;3511;3511,1406753149054;1,40675E+12;192;79197
;;;;;
1674;3179;3179,544766742676;5,44767E+11;199;79396
;;;;;
1675;3852;3852,313211043713;3,13211E+11;181;79577
;;;;;
1676;413;413,1699538943508;1,69954E+12;179;79756
;;;;;
1677;-5008;-5008,696042447521;6,96042E+11;254;80010
;;;;;
1678;445;445,3533547194548;3,53355E+12;238;80248
;;;;;
1679;3007;3007,8547617380236;8,54762E+12;76;80324
;;;;;
1680;4671;4671,930371884321;9,30372E+11;145;80469
;;;;;
1681;4021;4021,3514788799403;3,51479E+12;96;80565
;;;;;
1682;-1944;-1944,238404071602;2,38404E+11;205;80770
;;;;;
1683;-2008;-2008,3336834364586;3,33683E+12;72;80842
;;;;;
1684;4699;4699,372859735706;3,7286E+11;150;80992
;;;;;
1685;3471;3471,4603052986927;4,60305E+12;99;81091
;;;;;
1686;3585;3585,2427200100237;2,4272E+12;142;81233
;;;;;
1687;-3052;-3052,9246047392744;9,24605E+12;253;81486
;;;;;
1688;3332;3332,8311877807564;8,31188E+12;81;81567
;;;;;
1689;3515;3515,720249817835;7,2025E+11;87;81654
;;;;;
1690;3504;3504,729599214888;7,29599E+11;152;81806
;;;;;
1691;-2198;-2198,9551932977442;9,55193E+12;215;82021
;;;;;
1692;-95;-95,93845478052;93845478052;187;82208
;;;;;
1693;1651;1651,3989220752985;3,98922E+12;50;82258
;;;;;
1694;-4406;-4406,848171937555;8,48172E+11;247;82505
;;;;;
1695;-493;-493,4030808308818;4,03081E+12;35;82540
;;;;;
1696;3310;3310,2840015963434;2,84002E+12;143;82683
;;;;;
1697;3756;3756,785411505933;7,85412E+11;131;82814
;;;;;
1698;-1117;-1117,6932056645414;6,93206E+12;212;83026
;;;;;
1699;-2318;-2318,5921939058244;5,92194E+12;210;83236
;;;;;
1700;-3146;-3146,7120227653195;7,12023E+12;204;83440
;;;;;
1701;2613;2613,355039605875;3,5504E+11;76;83516
;;;;;
1702;2043;2043,6012392194245;6,01239E+12;222;83738
;;;;;
1703;1961;1961,5682809831042;5,68281E+12;162;83900
;;;;;
1704;4736;4736,6981469143;6981469143;138;84038
;;;;;
1705;3526;3526,790349143999;7,90349E+11;125;84163
;;;;;
1706;3680;3680,6542377279125;6,54238E+12;108;84271
;;;;;
1707;-6395;-6395,478078169004;4,78078E+11;177;84448
;;;;;
1708;-1937;-1937,297723842351;2,97724E+11;214;84662
;;;;;
1709;3363;3363,684117623758;6,84118E+11;140;84802
;;;;;
1710;3323;3323,400680443087;4,0068E+11;110;84912
;;;;;
1711;4060;4060,601796723231;6,01797E+11;126;85038
;;;;;
1712;2614;2614,5965122890348;5,96512E+12;76;85114
;;;;;
1713;-176;-176,22787322645297;2,27873E+13;208;85322
;;;;;
1714;4155;4155,26272630956;26272630956;109;85431
;;;;;
1715;-2026;-2026,895481535044;8,95482E+11;222;85653
;;;;;
1716;-1189;-1189,1401719025127;1,40172E+12;57;85710
;;;;;
1717;-2604;-2604,653921020381;6,53921E+11;210;85920
;;;;;
1718;-505;-505,9436315248357;9,43632E+12;37;85957
;;;;;
1719;-490;-490,88167484564553;8,81675E+13;38;85995
;;;;;
1720;-213;-213,7609436347133;7,60944E+12;25;86020
;;;;;
1721;-274;-274,2978431297563;2,97843E+12;28;86048
;;;;;
1722;-202;-202,43410718899344;4,34107E+13;25;86073
;;;;;
1723;-184;-184,16712836646602;1,67128E+13;25;86100
;;;;;
1724;2889;2889,342881425;342881425;164;86264
;;;;;
1725;-3323;-3323,3759644483443;3,75964E+12;170;86434
;;;;;
1726;-2670;-2670,58233833088;58233833088;111;86545
;;;;;
1727;-182;-182,16793574038851;1,67936E+13;27;86572
;;;;;
1728;1962;1962,9151003997788;9,151E+12;126;86698
;;;;;
1729;-7480;;1,76315E+12;207;86905
;;;;;
1730;-7953;;8,28934E+11;230;87135
